	1	2	3	4	5	6	7	8	9	10	11	12	13	14	15	16	17	18	19	20	21	22	23	24	25	26	27	28	29	30	31
0	-247.78657175155456	-106.64373823495643	-54.25612194882974	-124.07729761867726	-28.89387145545441	-8.737981639124857	-7.128401793823989	-48.42062093236075	-182.66517179392852	-160.47182933609255	-134.67509254167092	-113.79201191783451	-109.37089680036846	-80.03423601446643	-63.833240768228166	-61.89341943559215	-82.39320277553944	-63.35210564760536	-34.93299700982048	-23.093344771178945	-41.06642454653199	-5.666712284822215	-15.426835315160792	-98.23538061182089	-104.15657716383309	-105.76275622618083	-89.16321661236206	-87.4161422537688	-80.21067478848775	-87.8301576857081	-100.16978357078166
1	276.62959657494775	436.1462348640079	503.1349484315193	458.43870004242694	579.9199014129084	617.2820207783933	637.1772417330441	611.5254606556867	483.0585267311707	518.3365027121826	560.2461217868539	595.0499695509664	612.4850941193363	661.2893295020269	695.4265018401334	713.903525405692	707.1029327709205	742.5566116953019	787.7185871183799	813.8708479169239	808.3607023233287	861.6420959738467	864.4226977617452	785.5871454427916	792.350653876278	805.5055753244948	839.5645319800202	856.5531119568592	881.3210329676093	889.4844766970575	892.3136735799114
2	-109.97406654310801	91.0277887078382	170.5043015136508	86.15628930614297	235.49253169396326	275.02419684496334	289.1864303454187	238.62441333412036	41.29192935645533	83.49335179671512	131.82209920781435	172.2272620956723	187.00487454763766	245.1659761575375	281.11752582210437	295.9534192441551	272.31998753598486	315.64199051426596	375.8942097472707	407.4940812237206	387.39689448449184	463.4913991337135	457.91430660924794	315.9295756352172	315.4880174181375	324.5314161656377	369.50802645226264	386.12261390659694	415.5724884182801	415.8810760425077	406.42807015215266
3	-87.15549284790136	51.620590361793845	104.80133931234134	45.614619831686426	141.67480496537476	164.84297975196407	170.84380601805051	136.10786321919605	12.418326838738118	37.42798075383323	65.5225332082993	88.41642325550794	95.73258586334103	127.28390797231847	146.69537809843732	152.4366454161453	135.6156300954626	157.01899863396275	187.04915488045148	201.2180418122442	187.58886202204042	224.09310050150256	217.9845228789189	143.21571196290117	140.7444321074678	142.68015027626365	161.77654430703498	166.81608786167277	177.30639662936335	173.9272128353384	166.1418640003992
4	-44.80649051852556	69.53138047426968	113.43693129399891	65.52561356694224	143.5874593925276	162.18014004512477	166.83191639511594	139.03675893349273	41.16757716967563	61.29794197253275	83.64380005773702	101.72044711501249	106.70535978465712	131.13584205742458	146.0472025160075	150.41295141361866	138.40547223516526	154.70951858539388	177.43805376289444	188.01847739296775	177.56670989406246	204.82258813451358	200.02353978754587	144.08333790684233	142.22958106822634	143.6495763045701	157.7091811732321	161.3400609851545	168.92047769340448	166.33666090294858	160.57766531077783
5	-72.34986232105707	22.834051799725476	58.79379095481744	17.426015616859125	80.65689350084497	94.91033111232164	97.54458735848152	73.78831040999219	-6.31435192110989	9.32916032870859	26.704698289788055	40.3045073664183	44.35001026049637	62.97526758838537	74.00055003262992	76.63239897530389	66.38315906078176	78.517367608058	95.66744935259055	103.278429577723	94.38466798389847	114.90466555384263	110.47272253335372	66.47174788581323	64.46793221600265	64.93759220160858	75.10879739851966	77.2593240928683	82.35940018515241	79.68636898891496	74.6201476960866
6	150.51584666148338	338.0044927963045	415.7574791694508	353.4587828719835	496.46747033537133	539.6235496007656	561.6201192635448	527.6081632963534	365.6541158161686	411.5165437800628	461.77101515670194	503.84197688367027	524.0518052152133	584.1010169499561	626.1292240130433	648.2853860938975	637.6204079546674	682.7345464427442	741.316249260668	775.2289000274117	760.6825018934334	831.1707940755826	834.490553380965	727.3858859575005	735.5837237217775	752.5178228044881	798.4573572330501	821.3358301939186	855.3418137083987	866.4621488064861	870.1790921340477
7	-89.44571132920207	-0.47143774050323484	32.88346617381672	-6.365970842845558	51.485212855469726	64.22359029600084	66.20313228220489	43.94622355689306	-29.86917526037651	-15.794417545514987	-0.13642044008812337	12.397839977906562	15.8830242872537	32.683368362330974	42.48898649183109	44.57591408824701	34.87060138807854	45.708953707110524	61.13062124235758	67.82615893510355	59.42157542611422	77.86770061248605	72.93493567038878	32.97458786086865	30.9554804090864	31.147883359649207	40.074731119416526	41.78059203645441	46.11613824392882	43.46343112486454	38.670056515866314
8	-12.404705921395024	79.43302581621847	113.36825436415579	75.75427815928295	136.59342079528975	150.8143240538533	154.12941191020263	132.54326043156695	57.73642851528988	73.19531309678818	90.20164306570125	103.86538916772675	108.22543727779845	126.58430353799177	137.64257268681806	140.72411326802114	131.59335844630945	142.32144330593468	158.86422545879807	166.43421294802573	158.6065486115795	178.2451883682068	174.54346397576825	133.89797393308086	132.46836141871665	133.3908068325512	143.3623455939805	145.82868909470665	151.07956918171303	149.08370131871231	144.85543936161284
9	-86.88106476201463	93.99741586761249	165.10260367736723	89.13409635510271	219.90628685364322	253.84077526591665	265.3496805482494	220.9264765342411	51.24517114368193	87.52703479201637	128.6688438035906	162.77038709065735	175.00274692464995	223.3254336154494	254.5451473869181	266.0950678373864	245.60294593406306	280.64965846960183	329.26321022494454	354.018579569104	336.3574048598663	393.41752063698584	387.49750569201717	273.3923674247201	272.1746896038861	278.289304580432	312.27938746720287	323.8759560742754	345.0029595643603	343.526437786799	334.6239834677588
10	-27.199360857588474	74.76491060357584	113.78349918247002	71.33371296355624	140.0839545071353	156.2555754679138	158.8025223548413	134.6127567747637	50.0563196171011	67.51623030538748	86.80445209357424	102.35405742831468	107.34936470376992	128.36392258172054	141.10101922895367	144.7384511839428	134.35634789033224	148.20087923021973	167.47423658910995	176.35146840709166	167.32343598383363	190.29811555216034	186.07349672705303	138.66022180041614	137.02399643018472	138.14250958027046	149.8772811769948	152.82514557604412	159.0589394237415	155.56726787921437	150.70995682032765
11	-61.63733744690546	137.9520154832762	217.6811869583668	137.95633947868663	287.4939949219293	328.29283205306035	344.4027559939945	296.96600970737984	105.07857370105886	148.6507756042091	198.08248683349603	239.4567652074199	255.72522975313507	315.25943263770364	352.1633013555994	369.02308744395225	348.1811843139417	392.7136582919751	453.6761238693052	486.5015842819976	469.0590142027412	545.4717072412641	542.1378977954852	405.9015225270953	407.7370177147008	419.12615848190813	465.59110567539005	484.41027004252095	516.0228718824724	519.4139238458274	513.4346024478265
12	-44.406612118834815	77.28071012788723	124.17239574675502	73.44473252206454	157.13732004966064	177.30938102667014	182.62275518043825	151.92652013096753	47.76803738731226	69.4189407946917	93.49018559544554	113.02074818890377	119.44929608640395	146.1298943967492	162.53349512921508	167.52331295719426	154.71711932472994	172.66312046176319	197.62730835863206	209.38108046429574	198.23008537947007	228.22854993643043	223.23280857583026	162.27201554997094	160.4274480615575	162.1869226586864	177.82128070392244	182.024044880075	190.59765439426343	188.0012876219302	181.89895792494656
13	-592.1944924189726	-396.9938455434974	-329.0527266009379	-454.39406836821627	-325.9861276736242	-306.21083147556277	-316.4744609385265	-395.6099516675879	-625.0213812904638	-604.4321623007785	-576.177640279907	-553.5099656857567	-553.879358144738	-522.508233771452	-510.1630196209756	-522.5168476318366	-574.8322895021016	-555.4268303639049	-517.42387340679	-508.52796937962376	-557.0826638691667	-504.2085613598686	-537.1703521777358	-714.5186146799279	-743.4020761665053	-766.4552924818355	-753.4406172626094	-770.3369249634566	-778.4278512472237	-818.9538835227773	-871.3604385077525
14	-203.86839785869046	-118.87414885696063	-87.83837177655764	-128.8767851309305	-74.49177604105671	-63.64793167679792	-62.88338867757898	-86.06092204002351	-158.51378895414845	-146.3373421490572	-132.52610078110925	-121.5369194952458	-119.24638755089835	-104.57303538725904	-96.47376840643743	-95.73850509183087	-106.22065669946542	-96.91475906168641	-83.15665354765015	-77.6801704995569	-86.7206890903207	-70.04428350553944	-75.07528848024198	-114.46412758586949	-117.27746795529498	-118.04548814788787	-110.4264684101386	-109.70890157055175	-106.54585553672139	-109.13949946829328	-114.68070305648686
15	194.1339214807253	305.15796125795094	350.6521107704885	313.3764259840582	393.7013399837159	415.79500013717467	425.0946719500095	403.4750711034426	314.3251229572954	337.5295061823043	362.4794282696024	382.80485684097016	391.47913454268974	419.1773437572229	437.31180997189557	445.23394241050767	433.91811117747386	452.6930975171626	477.3437968596231	490.2379748811105	483.42598170387197	512.2407580174731	510.5359926797738	460.32365443934765	461.3470536829106	465.7595669615261	482.1857819295438	488.60313531653924	499.0246540211627	499.80505941514025	497.5489507004138
16	-85.07258656153	-2.079404554878608	28.98207116722197	-7.6732493021958605	46.52084890475995	58.34719964788108	60.07332289749507	39.19257887421972	-29.617366478722282	-16.354026352516744	-1.9471195007508462	9.568461570924446	12.750766118467865	28.14801973432015	37.10492614854354	38.97160682534149	30.033812464776208	39.92272511580587	53.99570830289681	60.07509077260128	52.34255842850254	69.1473326725811	65.1632311051755	28.336623056022848	26.446775340701507	26.588295671850037	34.746376694993394	36.270549893072996	40.19845891968893	37.7219364033337	33.29184991497074
17	-290.63751653627384	-200.39059391612275	-168.04422472132518	-214.79800057909927	-157.67768162354926	-147.13051217912678	-148.25021665994242	-174.94974151666665	-255.60754421664018	-243.3441700790709	-229.15662043462285	-217.9001953178906	-216.21259142414604	-201.1739064338932	-191.5797414337326	-191.8020889060229	-204.2624603995812	-194.934934567633	-180.63625023276572	-175.3573701161063	-186.10699944357148	-168.50621774050313	-174.77441096910582	-218.94853802803803	-222.79019298615475	-224.44958105393462	-216.84159521481038	-216.8229518216368	-214.15933702615268	-218.90798426656582	-225.90687872459918
18	95.66242815052925	195.46121721464996	234.60650582423708	197.42075232714666	266.0955734269355	283.512412178777	289.28387292866586	267.8254337731002	186.07412069460923	204.56111006749575	224.63282035887167	240.87055152385227	246.99044316869515	268.94980851469904	282.78441631663077	287.85106107450065	279.40345998731533	294.00714421566533	313.705653347989	323.3586020979765	315.98376767690434	339.1470659130537	336.2540841564108	292.07721051691533	291.63136217335267	293.92867022958137	306.3755446455305	310.3742333439795	317.609503048777	316.704615679494	313.2667457074452
19	-422.1856694004973	-268.895729600067	-214.16098431961578	-301.1577436325497	-200.6055180722161	-182.580242144614	-186.05415693095378	-236.5362903159299	-392.97355505763653	-373.06212142256817	-348.5570716680993	-328.8624322551481	-327.9343255791139	-300.80457502530743	-287.25090983273674	-290.1060915803148	-318.8627534244421	-301.27437342689575	-272.3920374520347	-262.53805067668856	-288.04794636576815	-250.70190014394427	-266.3444954030464	-368.4313200464697	-379.8350026895941	-386.6779057232872	-371.99932515133594	-374.8319522452484	-371.6512959063553	-386.2966041986485	-406.7213342434109
20	-343.6645114538182	-235.73462722078466	-197.27226820664944	-255.53274502280968	-186.77336606409247	-174.43984551232174	-176.46695738798925	-210.20143103535946	-311.17241498952546	-296.8560194156635	-279.95362499055415	-266.51088243769954	-265.03878934466616	-246.94089125335174	-235.7946357820205	-236.7499572811362	-253.27934972595077	-241.97528191599704	-224.19887258089256	-217.88885633014254	-232.23514965475636	-210.0167160316545	-218.56825027093186	-276.31782805636976	-281.8835358431571	-284.6898530245729	-275.41221056432937	-275.9975377728666	-273.1663708078397	-280.06875293547887	-289.9646803662926
21	263.79788110490756	375.69517139859755	422.43925389533103	387.58983522666364	470.0479304743846	493.5901387427224	504.44198040683233	484.2174670427832	395.83612851692675	420.386112450561	446.59390092418886	467.99037168786293	477.6755073071067	506.8716162531566	526.3224898869667	531.2962938264495	524.570226821471	544.5017961950217	570.2936762726717	584.1773706321609	578.2807323261801	608.2530175492021	607.4269997153588	557.6751091041825	559.5667457886493	564.9654842097709	582.4986666667902	589.8983295963749	601.423783791272	603.2152495333404	601.9304618765386
22	-859.527309688953	-588.7336011507805	-497.967805010323	-700.5959028673294	-522.7616343389642	-503.8177801694815	-534.3194897116664	-681.104202527879	-1088.3001820183833	-1081.5888514737126	-1059.4246685124847	-1043.086350255245	-1078.5784945999526	-1057.6835694390777	-1071.5091093546437	-1138.740386884225	-1296.9952651939313	-1303.7050456302075	-1266.3173187364778	-1269.5672056154162	-1346.7299241357632	-1191.2916599066436	-1232.4794075611637	-1579.3811803424749	-1598.3783764370469	-1598.5565002445262	-1525.2869363798802	-1513.229684264581	-1479.7133320025182	-1504.2003068527451	-1545.833334978516
23	59.27588878786761	167.75692806206803	210.1512996716798	167.2219009625745	241.5575384327119	260.3390329644022	266.4344322098205	242.69718678626504	154.40043298629507	174.46581449384107	196.38161292316565	214.1374273545777	220.6646188395896	244.76433933570743	259.89525742451843	265.2729157232845	255.55564706944546	271.66792281542064	293.54449315423284	304.2015098298297	293.43526231707045	319.1679848142697	315.84059768067186	266.31427291579155	265.6665823193335	268.0787550664341	281.8908104357528	286.24574081908935	294.2426316414573	293.0872517311078	289.0728460375981
24	-274.63707274298605	-197.57750913816312	-169.92262310123917	-206.74006809680267	-159.0917568787087	-150.28866862297147	-151.14564706827073	-173.000404489382	-238.9196821889315	-228.62303750553784	-216.83288040787772	-207.5079203136284	-205.9837847433905	-193.60692851138788	-187.05209392930573	-187.04683496103664	-196.9659252434313	-189.24701525629277	-177.56429195863595	-171.51783832744132	-180.0022048544144	-165.94577620783167	-170.8632227629798	-205.7706529469833	-208.69295727113428	-209.87196191639453	-203.74655230549723	-203.6149767603298	-201.3981347554421	-204.99716738616326	-210.34503260732498
25	-451.68999960351306	-355.3352016969257	-322.07125760462225	-377.98858425125854	-318.7730963187264	-309.6455511051578	-310.89249361516113	-342.8332474699846	-433.29548488978895	-422.3594591328862	-409.06479473270736	-398.612036427691	-398.63666814944276	-384.696843948908	-378.27857086157775	-380.67890026387204	-396.5517837845899	-388.03841099453587	-373.8554038820675	-369.56702381658863	-383.2634391606858	-365.28904093005383	-373.8502821583912	-424.71278609322815	-430.5582431100507	-434.1272640764172	-427.3535648648521	-428.9885863546824	-427.80582111568816	-434.9130364759968	-444.52909426740024
26	-207.95643901662262	-96.68129689751274	-55.59621067596847	-109.44058635531275	-36.17358749389119	-20.957018241939615	-19.97835058972686	-51.19527031822818	-151.2650960705996	-134.26525772876332	-114.83138527476957	-99.23724052966632	-95.80302704083472	-74.12398830989463	-62.331977963021146	-60.90297977760362	-75.49534704993712	-61.88391840353997	-41.7834704525064	-33.520426652140934	-46.203428082662505	-21.59407640702985	-28.513462580589653	-85.80124097520007	-89.74004161799772	-90.67331783472612	-79.19925137536745	-77.90295151758589	-72.93058210711317	-77.947371058374	-86.05981726695379
27	-170.6620303928887	-89.84127809642355	-60.16875265019741	-98.31589775671924	-46.46544549592168	-35.90804655915415	-35.38847119928038	-57.048279264611736	-125.52602548930406	-113.5734798122326	-100.1311101628599	-88.57399793737565	-86.18287596562016	-72.10197973245126	-64.22812507227093	-63.26517817931314	-72.81488082513559	-63.87562831938085	-50.79909155903224	-45.48756101764463	-53.723249836569735	-37.95357799094169	-42.463020169329425	-79.02470923925571	-81.45486507488015	-81.95770793786974	-74.64325591737268	-73.77288677584527	-70.60956998682273	-73.68381588740456	-78.64956899405058
28	-348.41424578528023	-238.53782048733157	-200.50009824132619	-258.2750638223544	-190.30665266607048	-178.16731932680563	-180.24394863390458	-213.67310312564146	-313.55079608729466	-299.43493572977997	-282.764762716029	-269.5126974301882	-268.0919178129792	-250.26072571290567	-241.12233541502565	-240.17591524434474	-256.5348268119791	-245.41505954253006	-227.90922422544827	-221.7190440646477	-235.91181328723894	-214.0318640630566	-222.50350436812917	-279.48860828361234	-285.00475086977156	-287.8018613585805	-278.68698985797334	-279.2944029379281	-276.53761361699935	-283.37205436532366	-293.1533338904147
29	-226.6165138945102	-108.7566323016404	-65.296357064471	-123.0238200666641	-45.22153255066855	-29.145903454244586	-28.27294986447491	-61.87121295127773	-168.03794698285245	-150.27721211998715	-129.8441567504163	-113.42243890171844	-109.96627025958915	-87.6594995872108	-75.13140068486678	-73.77777054459712	-89.75498840561634	-75.18586388264765	-53.541553901897956	-44.699225025285386	-58.6089681607052	-31.98566761254736	-39.62575418454691	-102.13658605453932	-106.59389491501217	-107.79739281430085	-95.45754466909459	-94.21209810017235	-88.95833375455862	-94.63221468500609	-103.70804903764737
30	-256.87721847510403	-178.6190418320186	-148.90708139971318	-187.73325304840048	-139.07626483540844	-129.9183117448336	-130.54480607829225	-152.50514639388425	-219.28680917653475	-208.64519973511713	-196.49959337957907	-186.88231027613713	-185.19345955668132	-172.41796015360123	-165.5797112371607	-165.4073679083924	-175.34179423405578	-165.77256958484563	-153.9128509206342	-149.43069221149895	-157.9372315724927	-143.48797358854898	-148.3743897837402	-183.82566844452973	-186.68948201502803	-187.76617662023932	-181.39610541109616	-181.14147655150498	-178.75066327792348	-182.29201286713217	-187.6202528315432
31	-304.57660566346914	-191.98293355169122	-151.36179733381857	-210.2151559881456	-137.5193685728569	-123.76536184897492	-124.85038820739223	-159.02276118082074	-263.638769977443	-247.92874773616612	-229.5571949208585	-213.24029793408442	-211.152536597742	-191.5481287798543	-181.14339729163686	-181.36695604432686	-198.0065598634526	-185.45049853490002	-166.10805540575106	-158.86518640933852	-173.3307861163171	-149.28221308815353	-157.69699550213352	-218.0671204136089	-223.3904633861212	-225.74586851926807	-215.31549098866847	-215.33417408161574	-211.68052673152965	-218.33827342161925	-228.18432676750433
32	14.1115061388231	107.11777410019097	142.8803650171451	105.33890933427747	168.00513578081794	182.9621857906544	186.83610592727953	165.2606957936672	89.18044820907153	105.3524400588414	123.08205734946044	137.34818000717792	142.09990939035467	161.29220761575178	172.9783234064186	175.0045708502878	166.1092321622218	178.62055623503008	195.8812860862666	203.92051348478446	196.18240387030505	216.62279825522504	213.0937226932115	171.6168868153143	170.40114077243655	171.62619264201945	182.15384413290775	184.95869928101413	190.65054761935113	188.889388634801	184.82657604495472
33	14.332087449246542	95.81403263221941	126.9194386477005	93.67314735668825	147.75718614502821	160.35999074710406	163.29029754317008	144.306133004598	78.69394139425384	92.39743176699169	107.39160894474067	119.40447290591139	123.27099440591017	138.0109130926649	147.62856733382958	150.36109584566032	142.5983853960901	152.93600209486976	167.25474371948295	173.79563343147063	167.05482452197685	183.96355587829058	180.77279095559118	145.87607687987233	144.6846580634427	145.51396295936198	154.08148346852124	156.21487156841135	160.7205025076257	159.03966967467937	155.46306475718993
34	-7.261524667129897	74.0439737230455	104.94440217977325	71.17119896830687	124.9263894107962	137.2749098685499	139.92097571157538	120.65122163932999	54.79531500729503	68.27759604563538	83.07154752783569	94.91499968670453	98.61134358923472	113.35411939815413	122.7553717781139	125.27868941101947	117.32067440755796	127.48052893263046	141.63328621236147	148.02148993663525	141.11782983752582	157.8679930715782	154.52928768035574	119.49489314132852	118.1620395126744	118.8359098908471	127.24468298939398	129.22846720733506	133.57143385659512	131.73211323549043	128.00069941760992
35	167.3954687747818	291.6489613934977	341.7838466561327	300.01146119608677	389.1401895374616	413.70787888210236	424.06415895915495	396.6948392564912	297.38885312146334	323.1743397116865	351.0272767643787	373.79974000750013	383.5629177372474	414.79822536413303	435.37199757257656	444.4826785675408	435.63070011777467	457.12127011890465	485.40382436227526	500.27914737263035	492.5731756735771	525.8198177941284	524.0004310019872	466.22434068480186	467.46598185762826	472.63743452786997	491.74270455822	499.2893138116646	511.5223571865904	512.5721444779147	510.0837952092022
36	-402.0547516098572	-282.03943811091693	-239.65397486073286	-307.0577645839694	-230.70325616946894	-217.60775066418194	-219.19728385193937	-258.4010373123086	-373.86409646695324	-358.84265842261726	-340.7026000508592	-326.27741608618146	-325.4908264747375	-305.98335283243085	-296.37501189291777	-298.43886901159505	-318.5671831585407	-306.2693297797273	-286.3232137164481	-279.6578028677342	-297.2126600526859	-271.91969145861685	-282.6536917038225	-351.2759276910928	-358.6294557860067	-362.8359248745698	-352.78952450328757	-354.3492202995722	-351.9420145087314	-361.0866978376341	-371.01846198616107
37	-450.97744778383947	-287.9507875866888	-229.8896498342328	-324.1746506591744	-216.88410592979457	-196.48515406660042	-200.7907288482457	-257.6435079974421	-428.2319771440865	-407.4848185242267	-381.58014940620654	-360.73397865741083	-360.37873811168447	-331.53264932726927	-317.4182658605228	-321.3263949068233	-353.8411099400036	-335.1261217819667	-303.7742815176513	-293.41458802490376	-322.45357086158225	-281.4599422021131	-299.5270268674441	-414.4732211730403	-428.10853893865624	-436.77706717571624	-421.2650543029161	-421.9817805006596	-419.53100055794283	-437.15034507187823	-461.3913386576964
38	-18.092103698945685	52.14192523869717	78.5399312123684	48.28865708170596	93.3750580227356	103.42060880700161	105.21457674812078	88.62654920851283	33.219325310412856	44.28507651153382	56.41926165225872	66.09002574616375	68.96443940991786	81.80260303225946	89.34062695774857	91.12843562658288	84.22184539915378	92.39114156578263	103.85287572522691	108.88101506086606	102.91075318376585	115.22426066269409	112.28089523343168	83.59891520122464	82.34039379156023	82.69461600617979	89.30533365494966	90.7156533580774	94.00967113175658	92.3159079067103	89.1082959655251
39	-10.040296592553231	60.241367531472676	86.69444422787667	56.495430960404846	101.6756119674463	111.79327586264824	113.6674399172004	97.15955382699178	41.820378366937504	52.947623165033654	65.13724777687338	74.85475640325924	77.77597620148391	90.67773398271534	98.27255188870201	100.11501337392961	93.25921940027865	101.47456261595437	112.97913327327808	118.0465417066009	112.11802102753335	124.3749845826557	121.47147450764722	92.82649233702716	91.60588422488887	92.00166371942306	98.65470725419877	100.1048070588806	103.44195941512525	101.79010519424382	98.62331740421291
40	-80.67284161348636	-15.539204704512493	8.631356972401619	-20.16303648433306	21.466234869679425	30.285712212636643	31.2839680938324	15.088502685477549	-37.22473790591123	-27.34616594530913	-16.447465613331293	-7.796792899249683	-5.485482694385621	5.885437824500103	12.364221327393057	13.573351934430935	6.832089830609387	13.965034898782982	24.13702122491256	28.43206250638402	22.62522375555097	34.70094822406763	31.642880868918933	4.812942839264919	3.349428684331451	3.348335276772781	9.115303469036704	10.098724091258251	12.790301827577474	10.893866262734537	7.615006471103277
41	141.59047292361976	238.28826867480072	276.51950298874493	241.9749439273759	308.86260436752485	326.2091385303542	332.4188961028472	312.4789953177686	236.11827453547323	254.49645581434848	274.33175472320136	290.37177558101945	294.1126313988655	315.7004479794842	329.4436044867763	334.7824808611093	327.1812807119862	341.54871873081976	360.7391238410992	370.3043481832946	363.65374433524437	386.10281986613455	383.68926925820205	341.938432033496	341.8589482716442	344.4256908663278	356.6552135297612	360.82121807996225	368.0937461129824	367.6175758229952	364.7286520020425
42	-66.790809828501	-1.5806060851664683	22.67839803842328	-5.891103991755374	35.87675802437849	44.80248652114383	45.91857823977744	29.8405281151934	-22.37328057882833	-12.405063872987716	-1.4257141723932079	7.292834442670362	9.67199599428007	20.965425468491212	27.532862614575155	28.827218063717613	22.165090965611984	29.369709141484705	39.60831743567723	43.96438689134198	38.22237048954024	50.36094746023257	47.36128575158746	20.585500775245645	19.177414663052577	19.237001335901724	25.065691042505126	26.1070465673398	28.86136347360487	27.025803787318928	23.806167730256934
43	-241.8436069275984	-137.6872671072456	-99.66670299531143	-150.09342514880325	-83.2397661541724	-69.96584964479817	-69.95853244392669	-99.59800076583483	-192.31510863818917	-177.28279294204393	-160.00407621631408	-146.1972173891633	-143.5515806071903	-124.95112177735281	-114.73371934067286	-114.04789100220735	-128.0198136015469	-116.07892131354706	-98.20042436989334	-91.14073010747424	-103.25092844423244	-80.69384291854966	-87.46052123298297	-139.65906625979858	-143.6576372799765	-144.98782260193641	-135.16022672911308	-134.48035338051804	-130.5460683975326	-135.576164476977	-143.36376123379648
44	-230.8437011376875	-121.35533514449924	-81.18845211747356	-135.21985167673066	-63.606041335255455	-49.09504964502028	-48.68006681093208	-79.97719240633045	-178.96050582085863	-162.64404406139914	-143.90468432154543	-128.8939992128012	-125.85362635746283	-105.56608757448514	-93.5636559869773	-92.58476899593342	-107.31974261724417	-94.31777643041198	-74.92825311276323	-67.1415290775209	-79.94130255608823	-56.133713215681674	-63.248916260911315	-119.75228364008274	-123.92093050399875	-125.1735665979016	-114.2712369413515	-113.33251273556776	-108.82350612556115	-114.09794778896341	-122.39762720169676
45	-78.59575744042863	25.49275286526082	64.92102420408762	19.67477077641794	88.57561317875366	104.34299387512218	107.4665475188808	81.61759841742057	-6.376918700174025	10.865290155057332	30.075095086514548	45.54092788679572	50.111481558248705	71.01620951943627	83.46016178897717	86.52464427342936	75.13279698830084	88.85524923994792	108.24214563903634	116.9195958633007	107.02230572595188	130.28391375088955	125.4073395363524	75.79427000988933	73.60121367618198	73.6443069867327	85.18163114799357	87.70648563709777	93.57332647258437	90.67532874507111	85.06255662669923
46	-124.37923392410896	-36.59531368339334	-3.9450563264788205	-43.82021260564735	13.209608059867833	25.315246192048726	26.718771158001218	4.156120709382162	-69.28530655615377	-55.79817433039828	-40.7104380313523	-28.653790402236464	-25.54285166717048	-9.40060519059532	-0.12601597516681837	1.5354801692533717	-8.423523395763459	1.9391553402977442	16.847475834711954	23.162856417869733	14.549620798798003	32.45119747157126	27.91037707313431	-12.142914261535102	-14.308535383172998	-14.42658227257761	-5.9370970938234455	-4.552974991742275	-0.6026742858911338	-3.535971627034889	-8.572519988155078
47	-163.1373545203705	-61.00411590597614	-23.073007387709726	-70.74434467188475	-3.6182530969111517	10.509514993393537	11.939313593048402	-15.30100725468926	-103.72848924390728	-88.00004019120834	-70.21720050826737	-55.960746467448104	-52.48309073948993	-33.26124444639239	-22.26518638752942	-20.50051884130212	-32.933817034646765	-20.471866982974927	-2.3559841749609864	5.262517572972128	-5.51971473295852	16.440382785838587	10.695527529546325	-39.12103103568704	-42.17967741883791	-42.56593576308569	-31.881891187569543	-30.368633104222017	-25.653281041956166	-29.556092878927558	-36.11494648961109
48	-90.75033610737816	-30.875320519025067	-8.766404153532015	-34.89555980771878	2.5233022687698163	10.330991237094933	11.07339944707751	-3.604857040444585	-50.56232411421816	-41.76725986391441	-32.07671821430387	-24.40374487376017	-22.397986178300098	-12.290266705626538	-6.548510731617051	-5.551907514905273	-11.678013365468292	-5.360694446366043	3.662878398836628	7.4237769368361155	2.1605188256350183	12.702383946267659	9.93375163083568	-13.740376373806068	-15.080363918945942	-15.138561668625497	-10.134444454115924	-9.330099042730447	-7.03479041843542	-8.759136935947957	-11.688869035211612
49	-13.428137270150247	43.306844729788	64.41133559587743	40.17702059576269	75.37589358964279	83.03683629476177	84.10126112482878	70.74298903483495	27.207170187996326	35.74343919202699	45.06666826832222	52.45099327396342	54.548081151098515	64.25839014500224	69.86057197752393	71.03611799457843	65.58176726608187	71.65171034009548	80.20680294770678	83.86115125495739	79.16775351971019	89.22731945511052	86.79301648943303	64.11981892201793	63.06430013581836	63.20967300863862	68.02667373909804	68.95470101730336	71.27031798520709	69.8761426589094	67.36873619581911
50	-9.45799162676812	47.28915742525526	68.40762884972041	44.20851251034173	79.3908902674017	87.07085050707263	88.15625029272074	74.81875788408009	31.300442865453505	39.85242004497181	49.18972251217352	56.585849196019865	58.694695652451635	68.420887432601	74.03716366938902	75.22619326775403	69.78430537423608	75.8654888473752	84.4309896366784	88.09483854153102	83.41149698247403	93.48077917376202	91.05547489050824	68.34403465440113	67.29814829719388	67.45403918705513	72.28170948084657	73.21972526716367	75.54613024164716	74.16239401635676	71.6651165004295
51	-996.8855508668286	-885.5758065219954	-853.0600450513796	-945.743439004682	-886.0985100646592	-885.9872299730526	-897.0446124019469	-951.3417069547737	-1079.549378519324	-1076.8422850400163	-1070.04273206357	-1065.3398023877205	-1074.3761146778966	-1068.5579666675737	-1071.3905253780385	-1085.6009508968773	-1117.1327626619684	-1115.509532226652	-1105.6971983156002	-1108.3967272002849	-1135.9176048573881	-1120.6733287781028	-1140.695272918143	-1217.71852186784	-1234.1458497004005	-1248.4541687671779	-1248.9274339093167	-1260.4491828758426	-1269.0237318125935	-1288.9271894597537	-1302.3456423259681
52	153.66585443373876	286.2812581823031	339.8380227611252	294.9275246434568	387.6561109653357	414.1121648270595	425.48433122765834	399.75428702846443	292.20711696930124	320.09325117786835	350.3057128727227	375.0663057914939	385.71590485870666	419.82485340101323	442.3825569126434	452.46377580064035	442.89241390206666	466.5601958039196	497.7334044355266	514.2303251277868	505.9313542460396	542.7214299238037	540.9129726242107	477.32126555360463	478.8175283160106	481.04151152389	502.26915372663467	510.8160750885379	524.5777171311018	526.0272620247289	523.5655207827373
53	-119.44215995259357	9.08872548337028	57.94378864730605	0.831727744588214	87.84488451528968	107.95502581786542	112.10663762567513	79.00606449543649	-34.85075996617638	-12.963560222006466	11.718973234738899	31.73069061045454	37.56275522183987	64.96371930993256	81.40601594206662	85.49452965520439	70.26881818583892	88.66608477107104	114.8368848255851	126.69232467981467	113.42081303468854	145.2353402762357	138.7847777121618	70.92347919433449	67.8748486099356	68.15634648945108	84.09729819703738	87.6159170728777	95.82897694410285	91.8182515587789	83.95718668849734
54	-434.16551287307	-290.4799066153989	-239.60104420321713	-322.20703660525936	-229.17415298624914	-213.1235393401777	-217.211462750899	-266.5118496903303	-412.80398005854624	-394.57203181212645	-372.1323740270149	-351.56263110855673	-351.1054960534247	-326.81777496232553	-314.99107421819014	-318.1733314201742	-344.89867739773877	-329.37992696510406	-303.6473862025307	-295.20331071412994	-318.80806048400046	-285.592988082411	-300.21618665180364	-392.55075672406224	-403.1453917943122	-409.6552353733949	-396.89560591898754	-399.8136631049519	-397.4028433346948	-410.8625019780085	-429.40033903132223
55	-183.62323523527525	-100.62564218528213	-70.21084752761348	-109.72573072269	-56.50730309790533	-45.74888223674261	-45.339764661387264	-67.79460586616504	-137.22654292083715	-125.19710290475534	-111.60879041820185	-100.7927435219026	-98.41387676685012	-83.9777267385678	-75.94121594016522	-75.04800452474068	-85.02928403957226	-75.8638998087416	-62.40362412640627	-56.97431152768443	-65.58334689188271	-49.31722031542393	-54.05906536304407	-92.02755112998325	-94.6207471516628	-95.22341093073382	-87.71845855496728	-86.892040335699	-83.69220751458373	-86.96394596374343	-92.19924190766736
56	-453.23380865948656	-333.44019783833886	-291.71085487078557	-361.5949333355022	-286.3112416788614	-274.2627234418029	-276.7155490302534	-317.41784830754517	-434.59462556869096	-420.56144881130905	-403.30548615953006	-389.64230539546753	-389.70201472397554	-371.2675848439294	-362.67903715244165	-365.8055238765419	-387.0424211363505	-375.59440736991945	-356.4020063571051	-350.50465070883774	-369.0330357792095	-344.44745410071556	-356.0543684878938	-425.8556775181907	-434.0485316500105	-439.16404953115835	-429.96688626886146	-432.40589478975147	-430.93975842345196	-437.7583168584408	-451.4649967246584
57	-76.89288186787337	9.869617262485137	42.44993670626018	4.4503148383871665	61.37683409895451	73.24927137838019	75.29634977530658	53.83315621942818	-17.6268252594774	-3.8544638425070805	11.43200021070589	23.667268297804156	27.132380515017804	43.51995851221682	53.1147826201191	55.231783820052485	45.934141471475705	56.50094510247927	71.48852575876427	78.02831664637375	69.97670399152338	87.86982462251665	83.77076683849994	44.899847388370425	42.99648177213738	43.252971152910426	52.005769087901655	53.26382700029118	57.51993281297907	55.04038991294061	50.498906862472346
58	72.98371036411025	183.6533739014845	225.12920895896815	183.8949328942787	260.1390356977773	279.63073307185283	286.2202046417664	262.3358855496318	172.3901599211368	193.1668673557973	215.8256957782649	234.20387752826971	241.10302431284677	266.0781629835129	281.8558271638608	287.6454713056933	277.9555505192141	294.7101542275724	314.9461798305834	326.0692088882474	317.74606963365966	344.3937112581338	341.2056820226938	290.562742439646	290.1060290283251	292.8146612592154	307.24558236882024	311.95087530727824	320.42469226201615	319.48613122423876	315.6020226855345
59	-70.78194065716949	32.33020150166593	71.43813686678568	26.888983140311833	95.91777834490807	110.77806655322969	113.97900677389273	88.55079636546641	1.7167372324130616	18.858095520390076	37.92816166139689	53.281679962502835	57.87386292787059	78.61999531854175	90.99762152296324	94.11196052420983	82.95457273211919	96.57247032944814	115.77036729156066	124.39434719962378	114.70057624808594	137.7083733119946	132.96059995873964	84.10153679472097	82.00420325439954	82.67809747959642	93.46367025065514	96.02011757119968	101.87438550199501	99.09291267263453	93.6374087007678
60	-170.37251187073218	-96.59118557221134	-69.57530192365758	-104.26302913218962	-57.32808050222998	-47.86102313471086	-47.48692583734693	-66.3658421751691	-127.3305797453536	-116.73051520559002	-104.82706701736423	-95.3756365031449	-93.24723393486073	-80.69247105218453	-73.70490264382308	-72.88817932381285	-81.41893751693763	-73.50464639710925	-61.93466760225049	-57.267627469892595	-64.6087170039578	-50.699198241788025	-54.734671858253265	-87.06025276469816	-89.21922101537024	-89.67690339676675	-83.25170625953956	-82.50583054261465	-79.74854427747218	-82.47129482050853	-86.84676864421621
61	-450.1137936138123	-276.2675492104794	-213.98032337669534	-311.77208945338754	-196.94141249180265	-176.1453724458673	-180.06922507944645	-240.95920625172766	-425.86363685394485	-403.1911102422118	-374.79365068033167	-351.8372527707008	-351.24570217956676	-319.2542237050073	-303.3515639911298	-307.2774358144138	-342.91852344524557	-321.8800533726036	-286.697720440026	-274.787392963686	-306.81749398550124	-258.4323680644719	-278.1406420881868	-406.0917664528749	-421.2797670936692	-430.96847998524026	-413.5071364368609	-418.1538641962926	-415.2634512263497	-435.3183426386878	-463.0937549268847
62	-106.17564120744922	-57.84883748372247	-40.0775010716521	-60.95303228289603	-31.08539569830959	-24.946612451922807	-24.420457541413093	-35.904214638189444	-72.20079870547336	-65.25093903629333	-57.68940226741693	-51.74273623996787	-50.154203110882676	-42.41562694695379	-38.04554444761717	-37.28037217307727	-41.86040804576556	-37.11560638395302	-30.385313304123	-27.6017258538691	-31.518723622537163	-23.634746601089226	-25.726391685303362	-43.33143886955173	-44.29849403610259	-44.310854598415595	-40.59537513864473	-39.98622214933526	-38.287864564265234	-39.53377905349786	-41.65028152189639
63	-360.2359051621481	-249.84347665863154	-210.62246473239094	-270.9118811526406	-200.67638424504457	-188.2574074244471	-190.61733085807302	-225.5893238608189	-329.72634908422407	-315.27673162443466	-298.1289128028258	-284.49564760593114	-280.99169691012713	-262.85408860745906	-253.66465322284222	-254.9015046733943	-272.20927314875104	-260.75473654311094	-242.5897841810147	-236.2523541769344	-251.28749238473515	-228.50049473378505	-237.53087985903596	-297.48665592322106	-303.4470421293133	-306.57422918754816	-297.18767029898873	-298.00767104979025	-295.3057511623048	-302.6955012727993	-313.19383360554855
64	-173.27183908132966	-106.67938648063058	-82.3625382328059	-113.55705712728394	-71.55214235480746	-63.16038398858809	-62.912978875999066	-80.41114351234083	-133.65595669564902	-124.23854138165795	-113.69580680116577	-105.3455990802605	-103.4785106413528	-92.43200497331163	-86.31390451992141	-85.63494369720675	-93.16111096852413	-86.24613586898828	-76.14146268294729	-72.09479686094642	-78.55720168266804	-66.4450572329531	-70.01163570897364	-98.23416899276643	-100.1300820941305	-100.54325976412412	-94.97177334486223	-94.34284087758184	-91.97133924384558	-94.35463402068937	-98.16432524592982
65	-394.25484518858576	-233.69015624414507	-175.70807562625657	-264.58192815617633	-157.7275217556181	-137.56917659950594	-138.77281687710402	-192.04942949546881	-356.03796453611994	-334.02743762362206	-307.16109995291896	-285.45636343064166	-283.5986123838536	-253.52610172489798	-237.9112395130189	-239.75327117816275	-269.3078112951883	-249.46199561855485	-217.51905133006593	-205.95650164466937	-232.22943790677107	-191.02146131657057	-206.7793421559396	-315.7596864001732	-327.1426619719041	-333.5169350715979	-316.5803517558103	-318.60329332642226	-313.9878729888107	-326.06103041625806	-346.99944016351685
66	123.89857577404366	231.9297537784447	274.69759508213	233.79029982348277	308.6530104423748	328.3028970792913	335.5593763090632	313.37952778411096	227.30899743143618	248.12538582482784	270.67310544380393	288.97451368304786	296.2031454137252	321.0573792106722	336.95592567664204	343.20805986543763	334.52160114859095	351.2221388517866	373.5495615703406	384.75862172703495	377.1698946885778	403.4012888800444	397.6505938515739	349.5476729683945	349.5960717610545	352.72885300994767	367.1010436597739	372.123434468435	380.7971262183248	380.4499051701954	377.27768666539464
67	-321.8059445760685	-182.5980946101648	-131.9363256864001	-205.26390653287203	-113.1284733986471	-95.10198292050357	-95.81714096138427	-139.25398192720073	-274.7616655340059	-254.63742626276314	-230.79425220871914	-211.59269368562997	-208.78353403988532	-182.4580693475969	-167.015447893986	-167.10701368305277	-189.38196902057192	-172.26592759251275	-145.75964225083698	-135.60376298321165	-155.168451730318	-121.76008189384684	-133.0724122551449	-216.75323931376622	-224.22470527615798	-227.60384982165206	-213.00170364974235	-213.0538095082716	-207.88705900183643	-217.40276424155562	-231.58507044664347
68	-132.7623568433641	-80.76234444605488	-61.68004497375552	-84.72572096561079	-52.37326058406245	-45.77790115222906	-45.319353029023965	-57.62430561134178	-97.56302447851476	-90.15780540776011	-82.02484426016427	-75.61291655195565	-73.98853557092	-65.59743846954868	-60.88652459842878	-60.15465910439944	-65.35733745392346	-60.17485053097984	-52.753494132353154	-49.71433170061845	-54.16798232624281	-45.40876037220066	-47.81285082511171	-67.64088193248085	-68.80816592040254	-68.9105412198697	-64.8117676877501	-64.20292045338047	-62.367550583487336	-63.85584008607323	-66.33120915642792
69	-127.50290440695586	-59.55332215306425	-34.52196904950385	-65.43734124113561	-22.229579784951312	-13.312721955451241	-12.504499168843028	-29.725519434261216	-84.52696931846431	-74.58615274974318	-63.52962389997475	-54.75485045498158	-52.588537595597955	-40.96673689985295	-34.406965605501235	-33.40592078027528	-40.796844017356186	-33.4829513578479	-22.931407636613233	-18.579925081688597	-24.93820090026053	-12.34788714360277	-15.774353785665015	-44.384059581802454	-46.11881791782918	-46.32106982624633	-40.4092752365129	-39.55685725365627	-36.907362114376575	-38.71348152522484	-42.36237303173457
70	-117.84728513316651	-49.84192334199979	-24.746103121234714	-55.49737379032884	-12.188358827604405	-3.193809897356227	-2.405784704837936	-19.533671887549104	-74.25607955087818	-64.24386416819878	-53.12298986790849	-44.293980410048924	-42.07337629552381	-30.37783763467003	-23.75223855975062	-22.68787024059257	-30.019958205289573	-22.652747575833228	-12.051617459885618	-7.654689949364703	-13.964672411531822	-1.327510167784482	-4.710422846465671	-33.27972864443877	-34.97311859024338	-35.13006230888142	-29.172160487691393	-28.276444271245182	-25.58003887436153	-27.45877355629683	-31.060754197020195
71	-147.74093807891902	-61.84558151394066	-30.082930567769854	-69.8387258734339	-14.250073044137777	-2.6034084253391896	-1.6191405646481145	-24.076923694296653	-96.21119768805094	-83.31091461355935	-68.82591554116465	-57.26847248029915	-54.455905946504984	-39.00093481171274	-30.22759147735901	-28.881275770010017	-38.85941979845915	-28.980571399056764	-14.655109598755093	-8.69936893917686	-17.319953903590875	-0.0758809131894536	-4.704821923884561	-43.93858151973857	-46.35602214553578	-46.67386064858048	-38.54054044929575	-37.379067515276816	-33.42951266864342	-36.50093640755284	-41.61280904323983
72	-122.57811086536533	-36.46242469488504	-4.443496474660691	-43.538920488277675	12.4630370743883	24.172269571177974	25.52937657637443	3.447399162937995	-68.36521787083717	-55.17221747314746	-40.42163906103444	-28.639020001201043	-25.599826197832414	-9.835075936748602	-0.7832433497174077	0.8327129651446592	-8.893353006480929	1.215234922991422	15.75547604078185	21.90901163503494	13.499626241197916	30.949578884305975	26.512928121057726	-12.541695286373066	-14.774932252923438	-14.890120116223043	-6.549598493307166	-5.192644010578525	-1.3067849658866069	-4.165659634228725	-9.069598847423766
73	-189.35654417723123	-78.82397683323306	-37.84550454660565	-90.52986603320322	-17.51986234924763	-2.120815647115192	-0.782288484213591	-31.311198881278422	-130.0347644420411	-112.89092491692357	-93.37031269340852	-77.69572527883403	-74.05166959506913	-52.8358513776017	-40.45030556857572	-38.73786836941261	-52.879682308418936	-39.16547977391084	-19.05730852321996	-10.668150577968618	-22.958413058331118	1.589490836891756	-5.024630964739073	-61.39642378885661	-65.06503808642228	-65.74127496919213	-54.16061793849877	-52.642310890792174	-47.4730435221927	-52.16774255981374	-59.919659807400194
74	-266.59605502220643	-137.45539683567418	-90.03437909148113	-153.8504041972584	-69.06767955656866	-51.84807887124528	-51.44805230196635	-89.36721906175832	-209.7004613174308	-190.4983701393728	-168.147624506343	-150.15566967296266	-146.7755186776696	-122.21664154141291	-108.59706805625585	-107.62713907056208	-126.3845155084395	-110.27212119248439	-85.97987674785159	-76.2494905455898	-92.63641493125597	-62.46237235916636	-71.0886036675562	-143.0205159750086	-148.63257145283427	-150.58219512299084	-136.96753353904046	-136.06889085382102	-130.5879253079913	-137.72873545948164	-148.83701308850192
75	-206.3347834657179	-144.35420213711112	-121.85683320903621	-151.1819562533774	-112.4716017947989	-104.90732280133943	-103.74205404047042	-120.01547498893575	-170.12283876812415	-161.58093591374086	-152.00898014953165	-144.4486132397041	-142.8530490463602	-132.88630505444024	-127.4372837143423	-126.97057368887234	-133.99536897933152	-127.80298110452306	-118.69999437866615	-115.12562229403535	-121.14238647394413	-110.22924661079328	-113.59273570176613	-139.37011955061817	-141.18596599981248	-141.66118247685057	-136.70516839449044	-136.2329973090751	-134.19017915242165	-136.45394912365563	-140.0029098120553
76	-294.79678405154897	-193.463322076179	-156.98624456313416	-209.40932337748123	-143.4395765882385	-131.44914374609417	-132.53703374730094	-162.55120697340965	-253.8741295509741	-240.06287121002248	-223.99972838167352	-211.21329217133066	-209.30767262255813	-192.12814911188627	-183.02849476481518	-183.18312304219273	-197.5392777686748	-186.63736349024373	-169.92969880868205	-163.69051601127418	-176.11679747832054	-155.48067753498205	-162.69910621176203	-214.29387744809773	-218.75747782516822	-218.95957049465022	-210.09855353224253	-210.0703987560603	-206.94979518663547	-212.4973687734145	-220.69955046728563
77	-163.5648617044123	-16.976712088956134	38.70604617979807	-28.42605062342314	72.82641280654748	96.15714709065327	100.74255518687308	61.07273019219511	-75.22898995452722	-49.89891108185065	-20.974565480113245	2.5687188649424226	9.07527477227588	41.42829828369889	60.840036760953595	65.41349337755479	46.50836969578679	68.60753157233549	100.40536512427447	114.8051481465636	98.2711595389448	137.46073992616368	129.37447131234546	44.74723164741718	40.58466401613427	41.17672036205821	60.945709585362984	65.06668179655361	75.17106313138265	69.6985446673253	59.243338730399095
78	-126.61348526843317	-72.69047903735708	-52.89387840540122	-76.88615538979498	-43.239541352509285	-36.058415245078145	-35.60753485350953	-48.83669370814563	-90.5636393701507	-82.85385843091746	-74.37066933948518	-67.67641143771331	-65.98793227546521	-57.212487996700034	-52.28287323229084	-51.52070604594162	-56.98467947840262	-51.55067056695908	-43.7601860595612	-40.56757349450841	-45.248003017328564	-36.038792104028055	-38.56529901968221	-59.42772490577713	-60.66220320395931	-60.776788120738836	-55.89106281362249	-55.27653600880369	-53.382252178574554	-54.95699191593131	-57.56499357831923
79	-135.97615216937345	-50.33669066559815	-18.59222408967132	-57.8814590242293	-2.3498195800426593	9.362166216976945	10.415097300778944	-11.769314276882891	-83.41087525861998	-70.4398657500274	-55.90558551966616	-44.30380449045106	-41.40324884314488	-25.8872950012233	-17.034323719288047	-15.574773464085904	-25.388601592798118	-15.45891363405133	-1.1135673877525452	4.8980695254487285	-3.5829805300913384	13.65930302432254	9.140162517916508	-29.800334716066097	-32.122004387457416	-32.347253502972606	-24.166306883323422	-22.923992674185104	-19.187772514114	-21.979191408722645	-26.968108553264866
80	-123.35303488513794	-37.60350470533953	-5.731021334680279	-44.6904342931236	11.04759347617772	22.919458446001954	24.026308326393398	2.0294085204501244	-69.45167819863327	-56.33464799066168	-41.66789759138628	-29.95380904870848	-26.94023094654335	-11.269799977489887	-2.2779690603241893	-0.6839840813244844	-10.372145054748971	-0.3279358495935373	14.124465952643044	20.23468557498677	11.85889172643664	29.203772739621726	24.78045095140165	-14.070788032025769	-16.300680282533783	-16.424967767914552	-8.140799651272383	-6.801109252811333	-2.9589016396675354	-5.785945335621531	-10.67134471908243
81	-154.1955073295425	-68.714911520771	-37.15521574251466	-76.92049344742432	-21.68674097612297	-10.20551398189761	-9.230405648431525	-31.68545905637403	-103.55863775341233	-90.79838466281208	-76.45530292971814	-65.01561898229818	-62.27819231492479	-46.98520032782597	-38.33264966741457	-37.067133415349346	-47.062341030808035	-37.29794530651669	-23.107115821140017	-17.237766533893158	-25.870736291578183	-8.776534981652192	-13.433973756093982	-52.50330032210468	-54.95743532587831	-55.328405641280156	-47.29644196075236	-46.19467396832633	-42.611428941621426	-45.35142940339716	-50.48975709464178
82	-17.612927847165157	47.399046510611	71.79112951839733	44.21154776088762	86.15326226160457	95.38039123190427	96.89556345743864	81.3451850651215	29.873993640144555	40.078701351945725	51.2544982291336	60.14170538469505	62.73814474046707	74.49656800227125	81.35605997093614	82.01067204810123	75.6799519656794	83.069637176003	93.44867756728343	97.97691312201374	92.50907145197642	104.75675052564729	101.98487430480783	75.63489832743984	74.43116048477525	74.70013120740148	80.68965288950068	81.92176833533667	84.8677627587708	83.25918716322008	80.27363345972135
83	-78.20829558042114	-31.752975341683197	-14.668269611325277	-34.7263803830424	-6.014746920151857	-0.11162620216399714	0.3971636742105118	-10.636970010028275	-45.57179782137214	-38.88177557269165	-31.60477317486477	-25.882174290891626	-24.351086700848683	-16.905079856444047	-12.699321340167948	-11.960294364095608	-16.360874743094698	-11.796183172725378	-5.323167254731406	-2.6450456435378	-6.408555103005778	1.1725209661233464	-0.8364064370223283	-17.757673730674266	-18.68510584004671	-18.69464691303118	-15.121074765388933	-14.533488577309052	-12.898928234772683	-14.094249089725023	-16.126264829117886
84	-136.62175558560588	-72.20779631328405	-48.54824176574333	-78.06546634765417	-37.267272624679066	-28.936142420067178	-28.422043182083904	-44.98482538760869	-97.34742011334957	-87.89631652164088	-77.39656802645715	-69.07868032191604	-67.05693846140869	-56.0702050731414	-49.90155088217422	-48.48361605124872	-55.49251912081782	-48.70374894118067	-38.87959211566266	-34.86463723978985	-40.88816550453397	-29.161177458069304	-32.43145179904234	-59.26825712826551	-60.943567262056135	-61.18917027650511	-55.71700936238839	-54.97507368026928	-52.558157213987705	-54.68479259446099	-58.17584434098982
85	-88.17127660232492	-40.2911291569409	-22.68291990429208	-43.35781575739631	-13.766586059759144	-7.683219941426417	-7.159665511110364	-18.532782903422078	-54.53874755248661	-47.648256324047495	-40.14790471463651	-34.24976114825157	-32.67190659200165	-24.997674306403947	-20.66320642272494	-19.901879890944965	-24.437796889023183	-19.733398769269638	-13.062190328333894	-10.302259685153794	-14.181457061498794	-6.368327977220862	-8.439136603479087	-25.879229054253475	-26.835277709362504	-26.845323542439427	-23.162507557978316	-22.557143412126237	-20.87276911136944	-22.104920299649343	-24.19935821188465
86	-27.83077035570656	64.40383333605388	98.55719127147584	60.275577967497476	121.23979775843283	135.34852824608703	138.4555684708728	116.48999566780147	40.96581142016497	56.343583041285484	73.29917496934463	86.91623393020357	91.1634307144701	109.45856752256992	120.4219601168386	123.35653533450616	113.0125833481728	124.85455567063472	141.38859607091825	148.89162334972642	140.86660892123788	160.53033481986958	156.67603494895945	115.58571364805566	114.02418380530605	114.82168082891884	124.74026347702431	127.09957752712722	132.25565316203506	130.1073986190119	125.71025206409107
87	-283.13882658468646	-213.0262897964101	-187.9820911276743	-223.57380912763074	-179.98166290742438	-172.01369126882045	-172.8909656336623	-192.87558597117754	-252.82537469881328	-243.4425305178356	-232.73376620327645	-224.2833601793991	-222.90552244198736	-209.49873910548868	-203.76044030695124	-203.8697054626055	-212.81663557171498	-206.03168724096335	-195.7212284434425	-191.9249607724861	-199.59164176254734	-187.03146784723637	-191.48850042932952	-222.78365268235711	-225.41854442099955	-226.4928086788463	-221.04287734342483	-220.94878681513723	-218.9979943982578	-222.22991306092126	-227.01196116120514
88	-55.82262898483594	12.091572030758808	37.42971842147683	7.922040055599136	51.578337545496275	61.00128320635036	61.61237622595631	45.20085762251698	-8.603298778799902	1.7843930429477473	13.226387562508537	22.329468337664103	24.87567907077296	36.944450862795	43.93249415825726	45.38738400606099	38.485010209809296	46.12879576996131	56.95612300852038	61.60305940034934	55.64843408313641	68.47631817945073	65.39495590727914	37.316469032112145	35.897987549069356	36.02804454378137	42.22665877817746	43.387621561985675	46.356716091143426	44.49486496425983	41.17363974558152
89	-387.79397947223623	-226.86085422012692	-168.6356046953148	-257.23894862447025	-149.93226942917968	-128.5348153400547	-130.52880664956476	-183.63535106864984	-347.7062388335746	-325.4370324039037	-298.3142267758728	-276.3878220985256	-274.343419358132	-243.94794661798596	-228.05771638832846	-229.6632769577601	-259.0557041659091	-238.94674392224707	-206.71795647983745	-194.92927613796996	-221.05260512819927	-179.5228689474955	-195.1146881214383	-304.19018391404893	-315.4019672839791	-321.56659586168655	-304.3436917471765	-306.140889457074	-301.25307717159774	-313.2200259155562	-333.96387358652277
90	-265.324725000277	-196.1857963767723	-171.3432876125077	-203.4844155510035	-161.01938092291857	-153.13606656408723	-153.80357428180687	-172.96595677137697	-230.8202645530975	-221.5842401098652	-211.08519908799227	-202.7960535639455	-201.34831392678024	-190.39049282989725	-184.55649586196515	-184.44387952730926	-192.96398427824815	-186.16218344719397	-175.94645077018475	-172.09665628555214	-177.5410829935433	-165.34307272370714	-169.5386503328741	-199.57233144271433	-202.01203319867312	-202.9399477167402	-197.58900912886196	-197.3979736052869	-195.41290039994072	-198.4148998042573	-202.90877731436967
91	-295.72335827072527	-226.7652317490394	-202.13176126078739	-234.48893376893278	-192.38033866737894	-184.77114519799406	-185.74353330996473	-205.21062403401993	-263.32368883142584	-254.32151845948582	-244.0333262632407	-235.92197401178655	-234.6522741095419	-223.93637001571489	-218.31844064641106	-218.4137629627043	-227.12714810506205	-220.50056927078742	-210.44785211832553	-206.74750627402994	-211.99101258646795	-199.95619061304131	-204.30361704811483	-234.47826849432465	-237.06243715064832	-238.14871373380134	-232.95907681516326	-232.9196509411027	-231.09898272251624	-234.26072661786012	-238.91022365186453
92	-55.630709565702546	9.802828036174919	34.19464743224869	5.7375816618484485	47.725539906727406	56.761866514470874	57.97818805360326	41.95502565732488	-10.314628160295216	-0.2469807235976881	10.827462364479084	19.62489052054655	22.066057854391545	33.33558932095504	39.99552473766583	41.36398773204428	34.74703906302982	42.032439937759236	52.35708059073914	56.77687728720691	51.070910934037	63.298748564933696	60.33823048103156	33.52436518430672	32.15751390870587	32.267203822618335	38.16492565422661	39.25728323691155	42.071992979018546	40.280817778526476	37.099761407151995
93	-292.33829284856324	-223.36003295648285	-198.70328483486676	-231.03639951791652	-188.88811279254466	-181.2483943605372	-182.1868322593094	-201.6199919411619	-259.70424263305375	-250.67603124395615	-240.36435979906892	-232.23320922793405	-230.94368356098846	-220.2008405954433	-214.55885083663256	-214.6310179692372	-223.32288021074763	-216.67678938337704	-206.6059194998199	-202.88893167625196	-208.15481164863525	-196.10181770495709	-200.43233488607177	-230.5912884616915	-233.15936988459512	-234.2280119265523	-229.02041312462086	-228.9641046302901	-227.12512895587298	-230.26908436881547	-234.9012522596096
94	18.22190113161754	72.73125276270653	93.13280853358687	70.07086278202821	104.75107174716193	112.23911969871592	113.3283560527417	100.4555652733538	58.409182113614726	66.74044799317674	75.81268457284473	82.99269988142656	85.06386013813079	94.48870023621079	99.9363513779467	100.08668684247456	94.9710905429717	100.82986005577666	109.04946986070557	112.59261287809743	108.1869196449702	117.8314086648433	115.57072808579854	94.7063610581011	93.72905229651137	93.91134186325884	98.58617416136862	99.51650448832658	101.78224589194399	100.48201332174233	98.11301395403306
95	-122.38956131100653	-36.99071088946892	-5.2468834259583605	-44.02496587471663	11.477924020867535	23.301989373593166	24.3989356002809	2.5128018071385503	-68.6153733427385	-55.55403522674929	-40.95266847724122	-29.29146904898851	-26.28786893210593	-10.690218623165965	-1.7390825062045387	-0.14847270957004252	-9.78151779660517	0.21429339689124768	14.593889821030706	20.674527535323158	12.346732408686513	29.601041583806296	25.204221859136897	-13.432029063893063	-15.64594271772532	-15.765386871902448	-7.52314336389239	-6.187233611678419	-2.362700393840682	-5.21929381873669	-10.02658965509032
96	-12.52880056011911	37.17970444447396	55.516029467539425	34.12212647553961	64.72590337880838	71.13984974983583	71.7948847176805	60.0521571800487	22.564012104643925	29.79465041003787	37.667833430172536	43.87167734665177	45.561827351506125	53.65757683485484	58.25854503142435	59.113497878905356	54.39942536247461	59.38909395100997	66.45137110958164	69.40043988663508	65.36151674255669	73.64078180471878	71.50141446820105	53.1378858084793	52.15955020586613	52.18215744974729	55.788893865045516	56.467983185604496	58.28698137381986	57.03492492169285	54.87063303888525
97	-13.258047950077293	36.44985357178197	54.785488477739776	33.38986351043442	63.99604515699518	70.40896602097338	71.06287778734132	59.31904554757079	21.829976070833975	29.059789547648556	36.93223735956059	43.13546747781754	44.82500838983892	52.91993902521022	57.520184280931325	58.37444875581484	53.65974277483878	58.648842322598924	65.71059449611109	68.65918567380756	64.61975866415582	72.89853850897269	70.75872320001031	52.394781671156146	51.416025933742496	51.4381760553846	55.04869159433735	55.7272306744242	57.54563655472539	56.29300889375461	54.12816459044845
98	-12.704009212654931	37.00435079944578	55.340510015282874	33.946193302264454	64.55054796808362	70.96424795124497	71.619013059204	59.876020106329236	22.387652934672875	29.618093067120366	37.49109944645549	43.694795892047715	45.38479955652978	53.48035230382879	58.081146806952624	58.935934266340496	54.22170955400073	59.21124142505334	66.27339245094885	69.22234648019388	65.18330227759765	73.46245076165687	71.32297579547946	52.95934794000417	51.9809113959913	52.00340881188726	55.611053197748554	56.2900103177772	58.10886619835739	56.85667250784843	54.69224790073833
99	-165.8060363099807	-88.19706169418448	-59.709375823794545	-95.08725311377124	-46.05133988152562	-36.07798328015832	-35.58970519206776	-56.01616299046947	-120.53872836643461	-109.23685673424202	-96.547625222209	-86.460579231542	-84.14156679422504	-70.72183867227588	-63.2154809895317	-62.267110852622494	-71.26748898634987	-62.78033334006211	-50.39967528261219	-45.36741359123411	-52.60883480742548	-37.87586737858824	-42.084996063851435	-76.20123819441508	-78.45383832478501	-78.90609004766554	-72.07131147888254	-71.24682790473874	-68.286360379431	-71.135524892894	-75.74292274522189
100	-14.011305200688023	38.63372820498054	58.12880027061317	35.542808046649796	68.0342321347243	74.97137857408319	75.80225187779526	63.38944854695408	23.374581704277176	31.150363299101873	39.63027198832689	46.32872905641717	48.189435439446314	56.96292552376354	61.98460480246543	62.97432139867464	57.948571197793754	63.39249168713646	71.08297630063096	74.32882984865327	70.01378825417876	79.04283485644157	76.77869111483872	56.895490427588015	55.36232632595093	55.44229769254507	59.73348355284698	60.51745338147478	62.54487976956539	61.234297423069656	58.92717268717892
101	-15.683204318619675	36.958670169490944	56.4501216060625	33.8550567392511	66.35376172868048	73.2858159084109	74.11109284176811	61.692765838826794	21.67326193772497	29.444894432952182	37.921095637012705	44.61645079846369	46.4740730406461	55.24340741843403	60.261408666251135	61.24761517655407	56.218628019509694	61.65963513655886	69.34742720648462	72.59082729144261	68.27319321171733	77.29973929818829	75.03328350417222	55.1479489777539	53.628538432668115	53.70568609719934	57.99401249138248	58.77530985818261	60.79985472966944	59.486488847267346	57.1766677653971
102	119.2339914540212	171.05805962957274	189.06496766999123	167.77166945063956	200.31410634453698	207.38989275450712	208.50360355878072	196.65162635047307	157.77010596234157	165.61880437888297	174.1219328662066	180.84304266935268	182.83472772087993	191.63085436413212	196.73253735762364	197.8894768386845	193.16804050233466	198.63215438664133	204.62815906494822	207.94639080769673	203.9703524824713	212.8784160645708	210.8628044253925	191.81540475152326	190.9879336627165	191.22776206242438	195.5717635200397	196.48696596247942	198.62396514431936	197.50547758295784	195.41320701272514
103	-241.99328306887924	-170.4981356562931	-144.7242785801081	-180.0333164391335	-135.20277657202064	-126.6924540629035	-127.12574476197386	-146.98839922636608	-207.56969788741463	-197.68393205800848	-186.48067921741267	-175.79835728681306	-174.218035528604	-162.69182828750814	-156.50492493590758	-156.28783126536288	-165.1007023023109	-157.90823902480898	-147.13938840935106	-143.03100492991092	-150.59417425653777	-137.54078438641145	-141.85602467248557	-173.5599141219477	-176.03148934644426	-176.89074907186327	-171.09000487061303	-170.76689828833224	-168.5299941568183	-171.58822543119211	-176.23509512202895
104	-195.2842787411974	-130.9134798805959	-106.32768002703544	-136.48116729353066	-96.62390970452381	-88.80214348397926	-88.77105868281623	-105.65119174406381	-157.91007846842	-148.9103866414283	-138.83713174120476	-130.87389088171068	-129.14531191718444	-118.63808383170583	-112.86165532487257	-112.2996531350552	-119.58424501174406	-111.80764696249852	-102.36029194521332	-98.63574971019607	-104.85301198227998	-93.51057458521788	-96.97941552086048	-123.73086934841551	-125.60935670118565	-126.09529722596653	-120.93296182856493	-120.43181933980253	-118.29427929240927	-120.64046315481215	-124.3283954331497
105	-46.591057443242946	1.7847428749937702	19.563454685595836	-1.299523515655184	28.587416163248086	34.73726630888216	35.273499353092916	23.793547714363545	-12.570954380499312	-5.603622226458113	1.9752872363333673	7.935964079141092	9.53268060035906	17.28966830224371	21.67273266699867	22.445755658991065	17.865931438983992	22.622656228476163	29.332014308972454	32.12195975721332	28.21044636371396	36.102338372308594	34.01583858439555	16.410292891146753	15.447585369941097	15.440287501084907	19.162505057728442	19.776845947253506	21.48136254619325	20.239924075595706	18.127123923022882
106	-5.743478674065567	52.85988669169887	74.73939835326631	49.86766900702921	87.20201567556852	95.27965381761044	96.46074741588727	82.53768939390672	36.606675127391924	45.52324048909375	55.262890610636916	62.99005234683797	65.23058792462994	75.41523216906985	81.32841332234588	82.63510831868705	77.02711407179457	83.4233340706153	92.41422615478994	96.29220946328415	91.4594158511649	102.03501833246453	99.55462462952386	76.64050889821067	75.55452209256708	75.74108830935732	80.86970416507991	81.88337422667844	84.36806392877945	82.92655636539202	80.3054391211342
107	-41.21303071257225	11.829976161723136	31.456989526351663	8.522026176836006	41.83335648491063	48.824231842113846	49.58278469620279	36.84008848403265	-4.032942357536985	3.8274489353764847	12.413756996168445	19.19397940763345	20.848976913336415	29.66274343513722	34.696667609932	35.6572271236271	30.53190324252263	36.009662311314706	43.77007051668083	47.03384894251444	42.63317497477442	51.763222705431964	49.444540332688405	29.247604835357755	28.180618375353156	28.217191528209966	32.56729235031757	33.32768711037434	35.3587334389063	33.97154486350606	31.564595701224455
108	77.99139571026348	128.0597219944047	146.62431069534694	125.42076041920384	156.7293623337174	163.348648629514	164.15466433771033	152.41601050712666	114.60797064662468	122.02776912309933	130.0864350909192	135.6837562021407	137.49399286366432	145.79150382119371	150.55743026936622	151.54646444448562	146.91490786831636	152.04817332960704	159.26463223685226	162.32827158210884	158.3516591520313	166.79367434784515	164.72188350944114	146.27368210957326	145.3639012253883	145.47083804816523	149.51947653029575	150.27967611493816	152.20263289972277	151.0048952205195	148.87851492970123
109	-116.86650028692087	-50.945435812434425	-26.6328642960802	-56.44828985499173	-14.523295056804137	-5.833862258332916	-5.117551922355301	-21.870171187926488	-75.2834509579212	-65.47744187510098	-54.0084807094233	-45.505024714102895	-43.37164213828413	-32.11524752796661	-25.74531932784619	-24.731982120098536	-31.800452585383994	-24.718765397428903	-14.527151817309262	-10.306915914726408	-16.38786653512478	-4.243903130324012	-7.508044001842451	-34.98666995252238	-36.62070943387673	-36.77799991867157	-31.058761431743143	-30.20505937446888	-27.622229929302428	-29.711704843510578	-33.20672171154221
110	-113.48429199691363	-43.93421313555259	-18.23395573458301	-49.04276805916932	-5.154069387985735	4.017466880674892	4.857652933490083	-12.646809030534088	-68.74843722840963	-58.43267692201116	-46.97930492665464	-37.88165860376565	-35.56726825218719	-23.508637470058783	-16.65888002108979	-15.522060121373292	-23.01559723008911	-15.408907865298	-4.4789535629561374	0.07325784877675667	-6.3785922494788565	6.64787934231793	3.168503319080726	-25.884756489431066	-27.589109395839525	-27.727612655618284	-21.63350936013946	-20.69744497699265	-17.921905643295837	-20.107746703952543	-23.79090555562961
111	-154.26216648729496	-99.4477198756068	-79.39110466086136	-104.20953587443896	-70.01180612178484	-63.11727561165516	-62.7679883732971	-76.54330697078066	-119.7335362652368	-111.86298707229844	-103.18244004415766	-95.38338611677692	-93.76116765224809	-84.91698914461261	-79.98664408878008	-79.31755876887807	-85.02492060882446	-79.54476489262218	-71.63369828884025	-68.43064722890041	-73.31785927885038	-63.93069070120016	-66.59700070264451	-88.11860013993983	-89.4618131901744	-89.65998802851962	-85.30287642852895	-84.72165971671865	-82.81346088438791	-84.5123851361271	-87.2849128530425
112	-167.1541283274995	-112.37814607752055	-92.3657206867792	-117.29537169438728	-83.16537447722192	-76.32236083099701	-76.0297955052798	-89.86120742137894	-133.0986096571005	-125.27033396039167	-116.62761270752354	-108.72708399105669	-107.14157934819617	-98.34698094049864	-93.46062299774516	-92.83360939081292	-98.57985009239134	-93.13475323894455	-85.25614430559695	-82.0827160190262	-87.0012783312741	-77.64439562221246	-80.33875068532676	-101.8862692117704	-103.25592832014192	-103.48295896539506	-99.15509586426064	-98.60123963986413	-96.72256845817424	-98.45004284270452	-101.25025128380342
113	-193.72420347857317	-129.4082454870976	-104.84076456644	-134.93741730637856	-95.11003212049421	-87.28611228388925	-87.24296881266035	-104.0917221510583	-156.2800338841015	-147.28111288877497	-137.21096280631048	-129.24982968424604	-127.51611138934148	-117.01160372717604	-111.23345878630896	-110.66391761264708	-117.93214798104081	-110.16216048750483	-100.72033810820929	-96.99440674197285	-103.19666172348064	-91.86287950676389	-95.32103659562532	-122.0308052898164	-123.90089799521286	-124.37976339180351	-119.21794260928617	-118.71138603625641	-116.57018081383117	-118.90673477447919	-122.5833313059024
114	-110.25866277067095	-55.31292763172767	-35.10548144890285	-59.54429157139713	-25.11537366335924	-18.04500315770355	-17.502109785178895	-31.08596779778225	-74.11518399570376	-66.10034474268707	-57.29068884318717	-49.837993857450925	-48.09046189849373	-39.077054057190345	-33.99656993657857	-33.18388329354383	-38.758541813892435	-33.15872139369214	-25.13686860862195	-21.832707583092734	-26.61291331386155	-17.122371460094236	-19.692956622237627	-41.126087698409435	-42.37903371000836	-42.478716431928085	-38.02177235926335	-37.34716743202668	-35.33818331186914	-36.93965878971689	-39.61770524267999
115	-134.31612141011354	-58.621718236624446	-30.683087149550428	-65.362549867213	-16.83694152260782	-6.687140417453429	-5.879635597503311	-25.32280790250858	-87.48735216119545	-76.26835356105255	-63.73983848932096	-53.77265303032249	-51.32096276187128	-38.06323360757854	-30.557320057302356	-29.400627864142177	-37.8715026927096	-29.46940681315877	-17.324891525582036	-12.294693448443082	-19.596006207211705	-5.051151014100244	-8.976906133316138	-42.022357170180065	-44.033884707470236	-44.27499107505044	-37.428149768807216	-36.08665908030178	-33.045936733980895	-35.599612806895614	-39.84753115171613
116	-91.33537926556917	-36.449494546595254	-16.22059641331403	-40.445570653598374	-5.992068478346278	1.1377698610385163	1.7617059829290806	-11.711265677861473	-54.57796212103875	-46.519034700946754	-37.67362527942109	-30.68747511690519	-28.57611889781592	-19.514077393090115	-14.382968166331766	-13.511331005007081	-19.014889299055753	-13.378903171469384	-5.331135910418826	-1.9927721512653143	-6.714848389498195	2.7943660172504976	0.27125619088060615	-21.0670696047853	-22.278234573925886	-22.33571402009032	-17.8482411197914	-17.135713887538117	-15.089268808203888	-16.644962926833834	-19.27555675594731
117	-90.05499159115789	-35.16529479526626	-14.932017212448729	-39.14596925232397	-4.685754785083404	2.4491887742218004	3.0787458266339387	-10.38866729751356	-53.2506892428881	-45.18757288588538	-36.33841530712354	-29.349125522263652	-27.24786959320712	-18.18091918636969	-13.045454895532856	-12.169652379092202	-17.669361490156543	-12.029904426528773	-3.9789237976302636	-0.6376273658691133	-5.356599945754123	4.155612709108911	1.6352792634599016	-19.700480643535688	-20.909027582730786	-20.96365047629841	-16.473282181884016	-15.758046485015006	-13.708678441879824	-15.2615463937621	-17.889400148446224
118	-383.02889773086315	-297.7753007206879	-267.8924655991999	-314.5781134996535	-259.49078549233303	-250.9145954811366	-253.43546418964624	-279.8844785758842	-356.4892191959411	-346.12245083691136	-333.87642218880364	-324.22840032365104	-323.51475858089304	-310.6884903573154	-304.3803895840275	-305.5691906194054	-318.1564944175176	-310.25322992673733	-297.66259003116465	-293.4582235359228	-304.2751200241729	-288.61052370841446	-295.16992167097163	-336.98190026589924	-338.26207555363726	-340.57498433628456	-334.36217579736416	-335.1039070710668	-333.47824729211675	-338.6561001960989	-345.8810195077345
119	-439.8237430554715	-348.6135470579157	-317.10968776637543	-369.69290832510234	-313.7592301633552	-305.0979528671245	-308.7186953126143	-338.7292609754557	-424.0356467495945	-413.3833446002392	-400.5574380911334	-387.11664817993864	-387.03341040727264	-373.8807264696743	-367.77576751229356	-369.8990703895372	-384.56804846667586	-376.5399446183091	-363.25741064689186	-359.19143887066207	-371.8253803564339	-355.0541428407321	-362.9196718985109	-409.9956556476652	-415.3090821799017	-418.49758568924074	-412.1082197958148	-413.50942757054486	-412.2942847937457	-418.7403214438207	-427.4965156661661
120	-267.6769622890468	-201.94495101719264	-178.36715922065085	-210.9822076781853	-170.16101019820906	-162.55838979700877	-163.1406272645105	-181.37376661865625	-233.84249432910144	-225.15855308437415	-215.2891514434878	-207.50379678077223	-206.16456390887237	-195.88501821021046	-190.42998425827608	-190.35809801385224	-198.3993729983591	-192.0332517196366	-182.46145291621156	-178.87191082515164	-185.7546493717159	-174.16226792284232	-178.12148163136254	-206.5544731498435	-208.83152872348697	-209.67228886566588	-204.5731611462304	-204.35917374003844	-202.44778826719855	-205.24821378462346	-209.4542653089277
121	-211.37441266876246	-148.49444616517516	-125.6826704944825	-155.5056011543994	-114.97766207480916	-107.48484655788259	-107.59993936335451	-124.18832053801067	-175.20676154995658	-166.54266019553512	-156.82560213973403	-149.15062344572115	-147.54658920956126	-137.42673833432508	-131.9019537342714	-131.4486463898766	-138.62273569741592	-132.33506532502065	-123.08071597672188	-119.45503998783262	-125.59970158347045	-114.4980970540723	-117.93856920526548	-144.2141436239064	-146.07908529262798	-144.9722299103251	-140.03783940758876	-139.6180641343371	-137.61796851776836	-139.96100062435107	-143.60164430134708
122	-338.5928306405606	-269.20900917181694	-244.72452282393203	-281.2306722576976	-238.55132467167277	-231.15190874220795	-232.60983965814242	-253.07023283996946	-313.1850219969914	-304.30080131399916	-294.0550262451923	-285.9924846258243	-284.9635246657502	-274.31740694630065	-266.05202298414105	-266.5828311791768	-275.8669755759989	-269.48078968299217	-259.5672398795972	-256.0999557814877	-264.0425200188344	-251.87762470124983	-256.5996737901673	-287.96572970670155	-290.8620768172198	-292.234654814066	-287.1313413225116	-287.3304448057264	-285.7098759584702	-289.22891288610657	-294.27969710383934
123	-263.4482594927876	-182.76834533223777	-153.75311773078226	-194.49543485674226	-143.65272189443783	-134.1115085126018	-134.8208092572672	-157.90441237822543	-228.03078412023868	-216.94289383656064	-202.30403834689594	-192.41980871592858	-190.77993502105053	-177.62252428538943	-170.6208925079746	-170.56392654938756	-181.06038182344597	-172.8130212588457	-160.33536810971043	-155.6395548381912	-164.66917116162352	-149.43660965466086	-154.63831491024075	-192.1711389340789	-195.24711070731678	-196.43808356955392	-189.74638335307395	-189.52438820504796	-187.04312032287356	-190.84601071888906	-196.54467477002788
124	-579.3333285039124	-310.3274359751973	-212.38659367101923	-376.24254828176765	-184.52007507874202	-147.50727312486788	-152.84232850080946	-264.3163247711593	-619.4846644771761	-586.338347481759	-539.1549935425057	-499.6527372652811	-505.8156361471004	-446.6244088155754	-419.0363471884594	-436.26772020611446	-532.3426352026357	-490.8455666014515	-408.51659771717766	-383.25841026023824	-481.8284384282373	-350.55122650072366	-391.73897415524374	-738.6407469365549	-757.6379430311271	-757.8160668386063	-684.5465029739604	-672.4892508586611	-638.9728985965982	-663.4598734468253	-705.092901572596
125	-104.14974013507947	-44.15717147148865	-22.04435526548826	-48.27998383985309	-10.84050536673466	-3.0852837041003807	-2.427085553459272	-17.24117095507877	-64.43153421764204	-55.67274279771512	-46.00833807208581	-38.35870502908998	-36.39560380429069	-26.319804907538842	-20.61747583914924	-19.674295068252924	-25.874642855930784	-19.58266402774037	-10.571235058078765	-6.837198799419689	-12.028514105435907	-1.4654637020122168	-4.287474581754301	-28.096058992447677	-29.48175097377324	-29.584249493675017	-24.604560767225877	-23.838823416331024	-21.57941432848478	-23.35466385180491	-26.339040063889414
126	-241.89305610924742	-150.53412665878858	-117.38663948155288	-162.9841552396486	-104.5095266355283	-93.15109708362499	-93.45455462433058	-119.52578214283889	-200.0986502168084	-187.09624038419557	-172.21074383642159	-160.36605129151084	-158.16200331250226	-142.31142890848167	-132.57918864625856	-132.18527232047998	-144.17492251640437	-134.23704832407122	-119.31592692747505	-113.53157361188056	-123.88727900235999	-105.64819497653778	-111.52466113599108	-155.68648751580713	-159.1351896407531	-160.33798225729572	-152.17494246925463	-151.6985315868075	-148.51041300683292	-152.81666698369463	-159.4054417201422
127	-210.3892381300184	-155.3321384791843	-135.3169082333101	-160.8068951376282	-126.64324206614691	-119.91936331026137	-119.81325652409951	-133.93822685780373	-175.89447535630674	-168.31866213992743	-159.8963127869064	-153.2582956485069	-151.78180493579285	-143.07263771608174	-138.28869247082585	-137.79710855455653	-143.72765582486733	-138.34935101780422	-130.5056665097044	-127.40165914103568	-132.47172982038774	-123.12786687073972	-125.94167760828734	-147.78081063562678	-149.2525093443816	-149.5788444541657	-145.3080638740174	-144.8409341563442	-143.0435390136565	-144.88362988087965	-147.80394467139166
128	-312.4144558466135	-191.9890028596986	-148.45744311668386	-211.5821648511233	-133.35762633948303	-118.44845600964852	-118.58266164924386	-155.20863307245554	-267.74324302612723	-251.01440132364198	-231.34630871585227	-215.60482028852465	-213.36057802192082	-192.00100562085373	-180.63547419218523	-180.87222492557473	-199.09997068683143	-185.3386192373411	-164.09259681355704	-156.1065192770071	-171.99488429821187	-145.48139086571592	-154.72089391250236	-221.3398096085565	-227.25690844805274	-229.9072267758532	-218.40388417705304	-218.45879958461686	-214.44066705604456	-221.8721565629597	-232.86765681468816
129	-57.3201212150299	52.955195671911305	94.90280569792546	48.26352107904963	122.69146233824581	140.13817360268513	144.16747485542425	117.16014359159689	23.30632791620642	42.26295630096514	63.33168832418684	80.34330861224525	85.65305651944459	108.72871524675561	122.66816254906834	126.48988453465138	113.78016904606928	128.97457983693667	150.26058395857058	160.0289123309663	149.84190687822817	175.37350313266626	170.5604170499201	117.3960323641346	115.40917341333883	116.49248618120818	129.50265586193464	132.66909232368312	139.53194016555085	136.80979922028305	131.10346400650087
130	-2.015301129361421	63.53359336552009	88.19812878790346	60.685563637834576	103.08752403447565	112.50603196497609	114.17119331941845	98.64539353891276	46.91094774181657	57.29421987389856	68.64633068759933	77.67873254975763	80.37355869910087	91.29924761147029	98.2777940924744	99.9690501577745	93.67816214329522	101.21445795617923	111.76011792427865	116.39918068221593	110.96136597042064	123.3886947326423	120.66235961043506	94.14849705858126	92.99933480309178	93.34181198827477	99.45618231228296	100.7672674923703	103.8130911318938	102.26200408722062	99.31964513809699
131	-1.5097476170471176	98.35768608073069	136.74796126079022	96.0516306963003	163.5779692614532	179.69020956424623	183.83184869292967	159.02670980608704	77.1147171887404	94.44225228602654	113.50526331108334	128.87789360405125	133.98974850656043	154.75291019642916	167.4309658874483	171.26003835373288	161.46574731996938	175.15326363224912	194.08194257180884	202.9041475088829	194.38295229836558	216.8707928962312	212.98478394689346	167.25913315104043	165.88580628254155	167.20178313119706	178.7970195011894	181.87235555436274	188.14488922120515	186.17418714073818	181.65001638339453
132	-207.0438055923742	-116.25459375074782	-83.05162689161125	-127.17239420024079	-68.67849376987941	-56.95363352476902	-56.706773549329746	-81.936713898255	-161.1286195474701	-147.82766041775517	-132.70884992940952	-120.65956321409237	-118.138249591355	-102.0052758137107	-93.0723749914906	-91.4521692040781	-102.90051660005611	-92.73009940142799	-77.66471103918134	-71.64738754434822	-81.54083506850131	-63.21829021284642	-68.71842443121514	-112.01649259825179	-115.12739313951033	-115.99205933088798	-107.6093888506001	-106.82839933723588	-103.34483497539698	-107.26049375222216	-113.43281213864512
133	-3.979841054811107	107.54898323570427	150.708018138635	105.63287198960003	182.17075560107168	200.84467834821035	206.09449273164	179.97494681112698	86.05572937382598	106.16724442899927	128.3428928300889	146.29316592212336	152.41211008676126	176.8015960494215	191.85168617901604	195.13224693593978	184.14164651090599	200.34017637537136	222.6702433544932	233.2757358767206	223.70589013869582	250.3357051824575	246.15600089079155	192.89353372028808	191.55062568846512	193.39377623731798	207.36014152502702	211.30271045893917	219.06763842088307	217.09128317490018	212.07251837344083
134	-90.04431391200269	0.4598181433005169	34.40624128524201	-5.519024957485496	53.453850902448	66.46528857248559	68.51667974634134	45.84929235107646	-29.434213479217505	-15.06706064164979	0.9212955438024738	13.72523475116537	17.294660460052107	34.467558754343514	44.50140423965475	46.65302652991236	36.75445049072008	47.84673214616119	63.62661133405865	69.89379745433715	61.40675674364502	80.15237006870868	75.81711996012051	34.9271278370791	32.87241647493372	33.08297921307824	42.23986314748092	44.00188181819548	48.46007115750746	45.75833457778814	40.86138707566624
135	-171.326542844881	-87.38507397805294	-56.52907793133604	-96.11228199642251	-42.1193549295877	-31.07662057701713	-30.472715274636283	-52.48831035140395	-123.24314376264644	-110.92803805916789	-97.04621054631643	-85.98750633404914	-83.4654931780327	-68.69613344961864	-60.418062696751996	-59.375139537163385	-69.35227013846804	-59.95372242316048	-46.211587105200266	-40.610029948187034	-49.22028905856316	-32.63626368272173	-37.33946863355098	-75.71390223635744	-78.24824176278992	-78.75668952665391	-71.04677301899008	-70.11011827608695	-66.75898825204965	-69.9698766835943	-75.17418578789169
136	-162.3575261782035	-78.33912468362324	-47.39367839472022	-86.74655807992718	-32.60960274475681	-21.45534878941331	-20.72663202851528	-42.70892898755149	-113.35217690676974	-100.93557801375916	-86.96171038303363	-75.82500083812133	-73.22450965924396	-58.347926269887964	-49.973510230009744	-48.83734633199054	-58.72734776260428	-49.24942443129631	-35.43311020680888	-29.763263933262433	-38.300631178694395	-21.64557508307971	-26.28246014699922	-64.59513003276878	-67.0659781572541	-67.50459904740575	-59.723312343574264	-58.71934720870397	-55.2949744070433	-58.434444239201135	-63.56893876299965
137	-169.80796410629708	-85.85346948010769	-54.98232826854238	-94.52653522622442	-40.509222178832566	-29.447606013015342	-28.822568402124016	-50.83252564639554	-121.5684660884286	-109.23617618232647	-95.338765002804	-84.26685340738054	-81.73155283520782	-66.944038655996	-58.64965531169866	-57.59094520375074	-67.55332362975695	-58.14133652334332	-44.386641689162985	-38.77352223894661	-47.37143974706759	-30.775387886624483	-35.4673639620988	-73.83134011221074	-76.35492966496571	-76.85155477203888	-69.1295543017182	-68.18150297723587	-64.81797193656683	-68.01676821011927	-73.20925673903713
138	-368.05948114043866	-288.6884135200213	-260.8443408151895	-303.9574949328388	-255.0291471332287	-246.80104516714727	-248.91296793044316	-273.27260826746004	-344.18129373200435	-334.2514870874903	-322.6332743626927	-310.49777726188995	-309.74240280035093	-297.86492029639214	-291.98182245967746	-292.96218067712243	-304.35580931438216	-297.0457022824796	-285.47690313602885	-281.5714245183856	-291.3469842568316	-277.00820786388715	-282.9085303613577	-320.86001880589725	-324.6156025765583	-326.5689933697541	-320.7129339673143	-321.23508165015	-319.57941330068206	-324.1415044355898	-330.56696146626484
139	-71.7946360872498	29.822527799483954	68.32897753495783	24.34951001249112	92.26899226549219	107.73991695255276	109.8851737880492	84.80919783491545	-0.6133444383310478	16.203844221352366	34.91206849071508	49.96680996472303	54.444598918843866	74.77243501248411	86.87888747498987	89.88790869342104	78.8914131677655	92.2144137834129	111.00979474944532	119.4295957111236	109.8778653346465	132.39799979245078	127.70032224866168	79.76383753481944	77.6749954713281	78.29919965385957	89.54679400292754	92.01792293720301	97.73669057409481	94.2052049911244	88.82492408914868
140	-46.59670047825776	33.137717254917824	63.177745015363854	28.9574310402965	81.23641825804158	92.9044132266032	94.96941407581146	75.48218343924627	10.282675602599122	23.129856200715015	37.30090759618101	48.62585913032105	51.941673312253485	67.05449906413794	75.93764979199625	77.26895485657079	69.09467693659269	78.72838528349718	92.29812607424223	98.27485794804424	91.19687121396589	107.32097740853048	103.76683820263604	69.16227886172324	67.59135411940298	67.9613307828222	75.90481444600879	77.56817065369275	81.51797564559898	79.41850192604139	75.47314036947441
141	-19.67644205433994	82.35818099238588	121.46778801449574	79.2710110003937	148.16994177517805	164.46191812871527	167.077318645958	143.0339312690334	58.61207551108913	76.18274567133604	95.57146431327705	111.20673359098275	116.2900528433017	137.42350839756398	150.26889385306532	154.01292079977867	143.73294131346074	157.6675775808561	177.0245599316357	185.98038623848782	177.03935696111793	200.09438558654068	195.94897311611305	148.61643953084513	147.0563086375129	148.25839055564293	160.07726811544606	163.1060533387524	169.42778151003074	165.94236496353656	161.172445254488
142	-37.44486313562149	70.67799430891147	112.0760505278484	66.30677330961423	139.01824626770156	156.2348540210746	160.44493905830296	134.54716141039523	43.81714911210586	62.481124515719515	83.15122335482585	99.8399806461915	105.19084526451583	127.80723105846745	141.54010846319198	145.47315217811953	134.26202173522137	149.2344180862769	170.1050615576805	178.34885240660094	168.705004869437	193.4986823573794	189.0213240340287	137.95400610249058	136.2142930802793	137.45025100212413	150.16951951723664	153.3994746980181	160.1994193905805	157.77608616220832	152.4836684129955
143	-27.16016419741487	30.320966095870283	51.71402111922378	27.046884812565114	63.55572867408683	71.37068123207078	72.4023129752519	58.609627006930914	13.79991951145052	22.523507368640477	32.063466638081366	39.61866437203432	41.73779314774743	51.129544105474295	56.817076043450705	58.0017582370905	52.42994995314898	58.60784792538426	67.32812547623566	71.05365214177479	66.25691825161225	76.52924405973302	74.04012596697407	51.57841122824402	50.45763936897459	50.57556010768004	55.5234318421311	56.45272480849245	58.814734757691475	57.341366795322514	54.71724928733661
144	176.58506611057211	284.31629185560837	327.40759599747344	290.5851347854808	363.3848016085092	383.7402134047758	391.92776577066354	370.97542375314663	286.6223408924046	308.0490682344523	331.1135909817525	349.8604913982219	357.65112314442564	383.12108762223284	399.6397510501357	406.5900588869783	398.71512478294414	415.89347925023367	438.5937735744826	450.24812420983915	443.3534591697973	469.8872273403076	467.81233113520534	417.0872003566366	417.6851293991131	421.3887878016685	436.2133342645874	441.7657193230024	450.9792955504077	451.26848844955833	448.7570078822203
145	100.85213529311167	226.3732171898051	276.3617190244565	231.11069068985566	320.18484131099757	343.88159647250797	352.9199682109001	324.20697068297045	221.42984012924805	246.46371081215668	273.73328018228244	295.99591069029236	304.9543255918516	335.48903212997516	355.26362298586315	363.3451957693662	353.10875718560237	374.0340452742038	401.9900132361458	416.294084575542	407.3871561706372	440.4805723509052	437.6856175785674	377.5422688843644	377.89436376024014	382.1788546557085	400.73916019530776	407.489478642429	418.9596279731421	418.9606451198918	415.33814329588284
146	109.23260615779928	234.86894607966858	284.9929556269713	240.09844896935954	329.40128716571843	353.2782514657646	362.52164630803406	333.9461982427697	231.35387764800404	256.5582607230241	283.98449345912377	306.3814400085274	315.4764364349327	346.2001493023658	366.14697774669355	374.39745253505913	364.3208522081197	385.3934737125814	413.4886361533437	427.92215755517043	419.1548088321704	452.3856575244216	449.7203022470879	389.69877883631824	390.17725792683825	394.6021111868481	413.3073835753132	420.19583571538413	431.81787627659105	431.9686158864737	428.49403944753084
147	21.856832961438954	131.88743557638867	173.0926796843172	130.00503531907427	205.02781211093392	223.57899248990978	229.11075327643917	204.16340486435806	113.33112909732235	133.24837807017008	155.11976110925355	172.82620505022746	179.05060023891335	203.08927569658113	218.02149244612914	222.99108758404842	212.53665309556575	228.57711904924622	248.64491104764906	259.13931761650235	250.1515925950283	276.12887832074307	272.32609787616207	221.13334543997863	220.0801904140132	222.1271242912095	235.87082717858274	239.92883636922124	247.69184193529935	246.06081477051063	241.4971227927363
148	-131.31396635746538	-51.26243921852833	-22.167903598267284	-58.195144880305605	-7.464679717398574	3.168925434042993	4.14152074268483	-16.313745802588638	-82.04262146407905	-70.10879102850035	-56.781018276624756	-46.166313238474295	-43.51438095069217	-29.373803006609553	-21.334008517398946	-20.03332063588825	-28.692061691131187	-19.79395412994042	-6.943019548059553	-1.5835025170490855	-9.226806776893653	6.187015600014943	2.099660173962355	-32.780023218975735	-34.87171234682198	-35.08868509669932	-27.798754545806354	-26.709753787323304	-23.399927830620342	-26.079698039149594	-30.57764136453888
149	164.15860299288943	290.55034938633355	341.5624828011842	299.00463583944395	389.80630306765585	414.8643664649589	425.4514922904284	397.77754981751133	296.39648231158174	322.71841155562663	351.1714232976548	374.4486834456154	384.4388415547651	416.4013107180066	437.4769923485423	446.83445875280955	437.8054458144807	459.84369739676356	488.8511469424617	504.13309008981577	496.2805531107295	530.4121408951046	528.5961867513535	469.37311192901495	470.67991905570835	476.02471379813045	495.68010567398	503.4738924789256	516.0914352475959	517.2234628625278	514.7183962951851
150	-31.92847786530262	22.382767346502856	42.50124315792234	19.098974868353082	52.78795425514165	59.95832100610932	60.81175604845872	47.930766588082356	6.384321946814999	14.4203769860154	23.20144302837107	30.143799263065443	32.06092068898256	41.16891968332479	46.38280286604452	47.401939191727614	42.15216009258866	47.81781641190314	55.83301765599248	59.21595781343066	54.706515039353924	64.1324809503307	61.764918563729935	40.97915402356381	39.49454144167457	39.563672227721746	44.03494733866018	44.84279610295458	46.9512226780188	45.56822204455946	43.14119522993664
151	-44.53378530913439	38.757163420656724	70.19792148405327	34.579351435086295	89.37988614955543	101.69144002454229	103.96652180121309	83.65044516505787	15.351911206603226	28.607824392535132	43.410162028870104	55.26104053988903	58.78562095438892	74.64338380008228	84.01677467176877	86.29055105888851	77.7398141866634	87.96967318327606	102.35794757229426	108.73186221956033	101.32288870975101	118.42683876831643	114.73492372060981	78.20249926636053	76.5910962820382	77.03726499847535	85.5011724199917	87.31783642094429	91.56233257549204	89.39873985044316	85.27587222996932
152	-162.88448262973068	-113.68752496167573	-95.63603196933815	-117.2158502526228	-86.76209176174771	-80.5533533725697	-80.10324742935538	-91.9952411129845	-129.47552947875073	-122.41481341464507	-114.7036165317111	-108.63596068595254	-107.05893696057456	-98.68817708747493	-94.28277728611445	-93.57745151896422	-98.37196673529739	-93.55058144559565	-86.66926118086074	-83.84864691666486	-87.94849301324834	-79.85494649759312	-82.06362659256824	-100.31959879897165	-101.37355168421554	-101.44458576031835	-97.6537255125614	-97.07521251233185	-95.37031279987912	-96.71695892288827	-98.9670278213589
153	-45.08578632019662	10.008230091084702	30.42174708645505	6.56487537780086	41.30636029505425	48.63060814301898	49.45919178670622	36.170029093596156	-6.5839300818304975	1.6373659225827797	10.630292394666165	17.56153336151074	19.492520661702418	28.746791360396916	34.043927727840384	35.06800208550203	29.69527212256526	35.46611048776401	43.64329444168937	47.09339848677994	42.4763328913783	52.10962919789091	49.683191167358395	28.40345160566405	27.285250141994684	27.33124870514248	31.931004587242974	32.742911261256744	34.89869954909545	33.442954612178454	30.907414667354796
154	85.87295907372423	168.1425989956239	200.00843451511145	168.43407783014754	223.75392362152155	237.2384654929951	241.1256602993836	223.04419198284864	158.06712558250237	172.54490873436038	188.24772315934473	200.85885009276345	205.3038297842253	220.11210300139226	230.4813053812095	233.9210804791583	226.78734973829768	237.75053784866225	252.66823236261186	259.74002186371143	253.52287282433213	271.01506748858446	268.3092833675806	233.76232873727034	233.0397836813271	234.39122044318984	243.51702337443382	246.15753686463535	251.22182572282483	250.06551831224468	246.99481683543002
155	-81.61466007036371	-16.836721948052602	7.090705397963835	-21.203301482040253	19.650383920601957	28.293333850618644	29.257078466922206	13.350459906902643	-37.983214689873954	-28.297388444446565	-17.612519084601878	-9.133471417823754	-6.872727397898704	4.333721652622749	10.742623859385583	11.925441210493375	5.238165819032742	12.285748966828898	22.09165908090061	26.285037405513894	20.59672929610913	32.398698170499095	29.399781051933868	3.1569066496326723	1.7202489404256462	1.7130735392346603	7.344612143232925	8.2996323045586	10.9235625335568	9.06318195245551	5.852306850109456
156	185.8525941342341	380.17042114568756	458.09345717237244	400.0799208840167	550.4241067093791	597.041716767879	622.0845815645152	588.9789288318677	422.0952174597993	471.7019942170005	525.9138691750965	571.463370131205	594.2613283265363	659.6085343222666	706.0531810774673	731.7312417631985	722.8229089681471	772.6125624996449	829.8851824505826	867.676288727029	861.4623204998368	938.6603155734489	944.622464442368	833.0595359114955	844.1289386864064	864.8654211428266	916.8063320963857	944.1657283548006	983.9135163829015	999.2685342354034	1006.7628194251487
157	-197.14788509179172	-55.164357176959484	-1.7845018743141707	-68.96806269861524	27.934220299941515	49.45702944220054	52.63602070666632	12.96612593735468	-119.85793221574708	-96.34017305765298	-69.31746599795085	-47.37639237521202	-41.87323313159696	-11.54927257028767	6.0439427952946	9.359997871436216	-9.827550783340612	10.43327049495928	40.01315567846978	52.93908262931137	36.144200848683894	72.71352888067265	64.06243483429745	-17.699289942006235	-22.525323831741815	-22.90689441089331	-5.032876328170719	-2.063118663427238	6.496907612322307	0.2224525148914024	-10.778309915544925
158	-130.03673957338876	-82.3501863176924	-64.81598702396371	-85.42504930347859	-55.95450840616049	-49.89929533936753	-49.38290317899631	-60.717600539090085	-96.59055297496916	-89.72633452448783	-82.25890666695845	-76.38671032163376	-74.81798028920585	-67.1773424412387	-62.8630000814541	-62.107855701358446	-66.62944062554892	-61.945696557352655	-55.30233570805049	-52.555083154241125	-56.42187942664677	-48.64053668831638	-50.70858158031935	-68.08572899403191	-69.04011935138027	-69.05218190538372	-65.38505476286046	-64.78384095447092	-63.10773343849294	-64.33731817490789	-66.42596149019715
159	-174.3888451805491	-80.16234404352639	-45.38515060856075	-89.93981469812562	-28.63446457923933	-15.912070865447724	-15.01258464010848	-40.549539650498005	-122.24160023814541	-107.96053968921407	-91.82081321001529	-78.25663288968572	-75.3069700260043	-58.1700435482101	-48.49341239122346	-47.180402876774444	-58.68070667905628	-47.66577813378845	-31.558053497578022	-24.918591466449726	-34.871955916542404	-15.353375221945594	-20.750483898053577	-65.70011682058615	-68.63039855282643	-69.17918526263175	-60.04009676449825	-58.8746725908157	-54.846116277417494	-58.57647312840779	-64.68234301567284
160	-38.33773889886122	69.7995012696705	111.19540166577858	65.3927420716256	138.1026690869508	155.30840527434196	159.50237529971287	133.58019704293935	42.81039745149121	61.46520105082272	82.12805240393811	98.81047610427092	104.15175140402171	126.75939299492369	140.4825411304359	144.4034009125081	133.17636636629956	148.14175055405389	169.0079636583112	177.25446128424227	167.59677649292516	192.38781419050466	187.8991299492438	136.8058896317262	135.0558917941611	136.2815117777146	148.9939947278753	152.2145966399505	159.00543786925914	156.57007995933785	151.26480796736774
161	-79.39698146870911	-27.29686266721375	-8.099895439022687	-30.858369414315053	1.6681789455435996	8.395468184332412	8.998816610520889	-3.5795539530828977	-43.37213983999586	-35.83608290823477	-27.586212007501537	-21.07647522893676	-19.354858816761283	-10.832735037545538	-6.005866301385239	-5.163353228387957	-10.264010266769237	-4.989683189654521	2.516554813389006	5.633051708573695	1.261098917518216	10.099145769143773	7.767914826207612	-11.992912073189379	-13.091678466226181	-13.119397914761244	-8.945057827210078	-8.265632692199794	-6.354204501534796	-7.76907133302622	-10.17335954185029
162	-603.8377567321721	-396.46148608218954	-324.029032013141	-457.8913090336612	-320.03908787715943	-298.47956518554	-309.2220087605274	-394.7793309617975	-644.5892518207434	-617.761004312475	-587.7849445055313	-563.6462385093589	-569.5647332412433	-535.5318331858167	-522.3373112918515	-536.594054674629	-595.6921111442772	-574.6126126590174	-532.3884304858136	-522.7849453271143	-578.4371417990847	-518.835204805309	-557.0553808974234	-761.5635240189094	-796.4073172918661	-825.0495217116635	-812.0726548451568	-834.0004161465905	-846.119317344388	-896.9435458790383	-962.6940889057106
163	-180.95846056572105	-61.996962763180846	-17.625000879749614	-73.68154940517087	5.694705488911627	22.815039270662226	24.797596302374604	-7.829864756907132	-113.96658559442562	-95.21240040699098	-73.84370774719409	-56.62356949764965	-52.42319553025402	-28.993309691011024	-15.48127561512388	-13.221603555390265	-28.43806744273751	-13.005260152810026	9.501339909948717	19.08257808540577	5.833416163149226	33.34280230813611	26.34567817987678	-35.89536891773889	-39.713477863007945	-40.18518372887353	-27.005777887214187	-25.025396698160375	-18.939218679700836	-23.8622521493052	-32.220221182410725
164	-94.44400641605401	-45.873440179615066	-28.011008776364413	-49.03115544822528	-18.980928974238118	-12.803403503559188	-12.275660878049885	-23.847625737792445	-60.34576635547363	-53.36743565777353	-45.76766540063165	-39.78847328792667	-38.196125710097334	-30.409122881059545	-26.011567382951892	-25.24538344047936	-29.867886453705328	-25.087852822505283	-18.302864081792887	-15.496833997205076	-19.451064566074887	-11.496842641254462	-13.609076338679884	-31.383195715606337	-32.36355011999977	-32.38046631182022	-28.632217320960283	-28.020451810066806	-26.308270307456088	-27.570628595249794	-29.713145551985686
165	-247.52060644364627	-79.91882519395676	-16.873920290341676	-98.62940943585687	17.597766128224983	43.17621439983427	46.86310907894086	-1.8497784769632486	-165.77330527643875	-137.94946038334265	-105.39069806128138	-78.751724446336	-72.51883140255788	-35.24443035610469	-13.351865165644282	-9.57726606056177	-34.84374131205724	-9.056949861250772	29.170008631368404	45.918469820074115	23.6387282497803	71.82094005116157	60.29366361150135	-49.03530112516136	-56.08638017352291	-57.28071044152261	-33.472005005554266	-30.02192066045942	-18.985732704054783	-28.120087738115586	-43.867151724091585
166	-347.8685427332054	-234.03756809504682	-193.3945554625779	-254.89496768039615	-182.0197865541984	-168.8489054411649	-170.88604171499867	-206.63970793378027	-314.0498919700699	-298.84271131545245	-278.73533419360416	-264.5744777689476	-263.080456709283	-243.95165036119968	-234.12241022477548	-235.12280702775362	-252.84801601783138	-240.6954832284643	-221.5632506235363	-214.74438524252193	-230.1614081589149	-206.1886942595493	-215.37456498190195	-277.6835320404026	-283.70909974849764	-286.7624502601217	-276.74674787920014	-277.3942008506649	-274.34147807394675	-281.84082655367837	-292.6019474817174
167	-137.73218001882938	-73.21667366667273	-48.972855294067905	-78.15289629775685	-37.835342938339934	-29.60701164077241	-29.104395550065703	-45.47323379778099	-97.20476001509097	-87.86797631338378	-77.49669805697862	-69.2815986342389	-67.28573724066305	-56.43695272111186	-50.34732509374017	-49.4719447495808	-56.44576020060767	-49.101526224767696	-39.415674307955506	-35.45883859579699	-41.40035876007931	-29.840419247648832	-33.06698219304073	-59.52560966511284	-61.17798090895008	-61.42095708533875	-56.02808053325808	-55.29791758715806	-52.9171232812448	-55.01427885831196	-58.45575588412347
168	213.60687392858392	362.11432335747077	423.413681558909	377.7054107234874	488.29834364853514	520.8233172398498	536.6799819747807	510.2153331280017	389.19489040435604	423.3643675414378	460.2307116975671	490.6674876037969	504.9011900990968	543.0978007191602	571.8895050445057	586.311999556426	577.7769840591675	607.8294174554774	646.6946685301506	668.3510696426471	661.1172108982399	707.0141819530106	707.3394459995426	634.2842006002293	638.3135781679183	647.8174008622037	675.917917017272	688.7436806999535	708.203405345154	712.8012561013068	712.6393328440292
169	-117.31301850341052	-64.57042040660286	-45.194505106162694	-68.5947134559241	-35.674727419230194	-28.93893283450313	-28.444748818436523	-41.41693342166873	-82.41186575312827	-74.76436103258972	-66.3720458249584	-59.75325730334439	-58.054647434326675	-48.93918509354853	-44.12540565028249	-43.364202127588776	-48.65631307357393	-43.357720659635426	-35.770829163423386	-32.654351908680155	-37.188138819711185	-28.22521997020839	-30.66742118302405	-50.926007811618476	-52.112411545532495	-52.20951210612305	-48.007364504936156	-47.37564129261959	-45.4868922538269	-47.001754014678795	-49.529252864540645
170	-306.71413692658325	-194.46395839739472	-153.99552397612112	-212.77625858907652	-140.36126332322087	-126.70132575946135	-127.84240838062387	-161.96574439973568	-266.2908638318806	-250.6741609841252	-232.40286969104645	-216.13199315726763	-214.08655188046743	-194.60056422576096	-184.27856696930283	-184.54588667266552	-201.16560436936456	-188.6948076792241	-169.46237425605165	-162.28183925050368	-176.72851802517894	-152.81065927376636	-161.22695239019538	-221.38754287077987	-226.72068343787353	-229.10097043855603	-218.74915381474517	-218.8019102908459	-215.2011439435388	-221.86752830063864	-231.7073832236532
171	-304.33064352290916	-192.04977989645127	-151.54533731260366	-210.23168365814914	-137.75640905791082	-124.04911566215836	-125.13647665060465	-159.20498039343093	-263.4826135140285	-247.82224459977513	-229.51095717025856	-213.2285254247286	-211.1479556620468	-191.61347616212825	-181.24741034694276	-181.47162659369988	-198.05065532810076	-185.54244000795381	-166.27473148334724	-159.06145729941056	-173.472906561821	-149.52043255070183	-157.90414885073915	-218.03417451469232	-223.33566553397188	-225.68087282031033	-215.29290312875972	-215.31128360181697	-211.67279946044732	-218.30208827029418	-228.1053742246245
172	16.395028595665988	179.36724240624915	244.35763803517986	182.45635468640307	301.23427031356704	333.19880142389593	345.56747173172397	306.9438534726448	163.1709821986145	197.04209975082966	234.6459478970896	265.70302429040845	278.0621800265287	321.60944231111506	350.21211773084156	362.10324445818134	347.10681200453416	378.2357859872575	420.28067559101817	442.26073932580334	429.3946732856557	480.39302482283756	476.9276621427574	384.8969514522584	385.6824935704255	392.64920839100824	422.18204368355975	433.3889850863469	452.3441567544929	453.1347170255208	448.06080696646865
173	-53.54946320888047	18.117181413258127	44.94759180577519	13.895288918171142	60.31699402261763	70.45611289615857	71.99259035154824	54.41690198697598	-3.4973964097376786	7.742571217335714	20.12716562740048	29.991117602063976	32.78310001797443	45.3984861737595	52.95587146009416	54.59797287642937	47.278405022602385	55.54480086967226	67.23620004484049	72.29806286489465	65.97452428015305	79.84542391338925	76.60358016335388	46.4286055293565	44.95101601776616	45.146350850224216	51.891941661531504	53.202715132408244	56.47392304178829	54.523848634764846	50.99046265888076
174	-10.328463384436606	74.9594940325402	107.40757210748261	71.97242273697704	128.52615375767041	141.5644176777768	144.4066617700322	122.99472950664592	54.27439109425193	68.4043542704392	83.9305909407388	96.38318955191599	100.31162091744807	116.99696156816711	126.99895099170706	129.71363111921417	121.30416555896113	132.12156769911346	147.1870622638117	154.01042938860954	146.71182212304115	164.5610673219997	161.0496266453758	123.80299068294494	122.4086885157479	123.15283264313672	132.13861085734817	134.2819106722267	138.9447525118806	137.01641204673223	133.06699265082304
175	-181.4805537368565	-94.14685324836313	-62.06703987060456	-103.49883925074089	-46.8350961628923	-35.49244234582917	-34.954030211459404	-58.40804722610456	-132.6562996427955	-119.84037969927061	-105.35940605502098	-93.81784944262718	-91.23280788819527	-75.79976066955568	-67.16722184144672	-66.13374605019195	-76.68997431923857	-66.85514272387833	-52.43581519126007	-46.5772522414433	-55.69190870061627	-38.25602631933302	-43.25077252905152	-83.75934232042624	-85.74625708103862	-86.3507045867513	-78.35077681533932	-77.43509983741771	-73.99274048518585	-77.42841701638163	-82.9587635296018
176	-203.6858674090847	-116.55053820281962	-84.70154895480984	-126.7285677254875	-70.22334798864767	-59.181490548533276	-58.980527005840514	-82.77489346262739	-157.31462764813494	-144.76410294132543	-130.5240336463961	-119.18681697676104	-116.80751120544917	-101.65581438836944	-93.2763339339724	-92.48798997159437	-103.27348542104902	-93.64768946404091	-79.4238593807062	-73.74539740991575	-83.05242722255123	-65.80413899489217	-70.97415624403425	-111.64605883703378	-113.56242282030644	-114.35622001637182	-106.55004595549806	-105.81730444151981	-102.57422799267434	-106.20444976000226	-111.92518787086833
177	-76.22151403443945	30.88487047622671	71.53266244163075	24.94911812869718	96.3396008159669	112.7453305417285	116.12683354046635	89.57131313667645	-1.2939552102744871	16.615121181943934	36.56949435875709	52.651251368073666	57.46122199076948	79.2305614976993	92.23819680189689	95.52655931182696	83.81127347978018	98.14664726924596	118.36852395454468	127.47300884985583	116.385400816749	140.4994022379042	135.58790595052838	84.46745303941	82.29206034630734	83.02222424352017	95.13274021960305	97.8524288375861	104.06760839306929	101.14185249585118	95.37900608184297
178	-184.28440383344523	-99.86766246823653	-68.91797468000043	-109.10255042804503	-54.91365484355334	-43.93987739848193	-43.081749230489116	-65.75603686158662	-137.23735973040084	-124.96611041866608	-111.099843453477	-100.05857555685135	-97.62495103368208	-82.87972516706719	-74.66390875648196	-73.74024399587496	-83.92416330647393	-74.55288164164949	-60.7912624976329	-55.233037831798796	-64.01961002536294	-47.38312173172247	-52.21880388183469	-91.02734421744834	-93.67319413219714	-94.28354829392019	-86.60135791031296	-85.74926979132212	-82.46810274869385	-85.80819639417106	-91.15887176530138
179	-49.540595746535956	32.064992598335046	62.8157171987943	27.745604447325814	81.31055021418605	93.273641316777	95.39595277117267	75.41028116521059	8.507257991504545	21.67651329016291	36.21207207108372	47.8325141403542	50.747661385639866	66.14916210980786	75.22298688701007	77.36720564189801	68.95427481033991	78.87116233218354	92.84476131752486	99.00331495887039	91.7172007053964	108.33223241140308	104.675765577332	69.0177521416946	67.39774256621216	67.77801602261648	75.96756317955207	77.6833206111475	81.75817243059133	79.59363147733772	75.52361919387624
180	-254.3468954332915	-138.77922013616094	-96.49874815517555	-154.46191097734555	-78.79818136704095	-63.63809948198381	-63.498223953293184	-97.19919341822362	-203.23139578009304	-184.73911982461968	-165.22365907776776	-149.57517529063404	-146.64045234287045	-125.42401933355644	-113.73628872099599	-112.97776795747073	-129.1407889290429	-115.3822102042482	-94.68665643856455	-86.4806511973663	-100.54418947815364	-74.9973497815772	-82.8990173747311	-144.34673180977157	-149.10984004200458	-150.7401537898465	-139.1703977388956	-138.40565231033236	-133.77705137622414	-139.79648137953617	-149.1218435594483
181	9.409698150430376	120.25690505390999	163.29736041843736	119.00752010899791	195.28400607549878	214.04464943692932	219.50802876076335	193.84881403412905	100.89666196463463	121.06536671007281	143.25852752345727	161.22809663708895	167.46335733965108	191.8767892375367	207.0035521909386	211.94582203727808	199.5828598412223	215.80915573949176	238.0977253710642	248.75400292646094	239.43191727428143	265.9678115982977	261.972600831836	209.35613524035827	208.17140277593288	210.15743830174796	224.15163242713527	228.2107704358746	236.06800598194587	234.27814076303565	229.474791959072
182	-9.7164594304251	101.0659141664986	143.83358041591333	98.83046238130794	174.65277377276962	193.05734833631178	198.11757353865397	172.0477214300766	78.7406387572856	98.58353302355383	120.47874100229942	138.19391585126922	144.171485988191	168.22995992520129	183.03490682653276	187.6631094175481	175.19065379814478	191.14188023604268	213.1715037303519	223.58776788688957	214.00775235074076	240.29055694334997	236.0574704234784	183.21809339292466	181.8028161887811	183.53365015994908	197.26519601201042	201.0749358835203	208.65890904799662	206.60067706944307	201.5331463453142
183	-162.96005735424916	-59.784440442820575	-21.446198815362692	-69.5717593011588	-1.7092560889129376	12.610509163302504	14.094497119168508	-13.4295433988083	-102.89042934912133	-86.95912753243897	-68.94442133719373	-54.497351306684386	-50.96081130421572	-31.472383134584124	-20.31184957142234	-18.500509488037096	-31.07567438272946	-18.428448909093152	-0.04909107480972541	7.692970637173182	-3.214783030789068	19.06989340644922	13.266721805723503	-37.23064847291626	-40.317714837534254	-40.38234992218693	-29.86689430631309	-28.314124326219755	-23.509269193123707	-27.451973008853415	-34.09257440021478
184	-345.80044103858916	-192.08613260037643	-136.07190752900598	-218.1179629016174	-115.3938013939531	-95.21122037064588	-96.02028501227359	-144.0365575015974	-296.77938412331906	-274.7113576152422	-248.25554400305197	-226.86256257117176	-224.0274463318759	-194.4535825683167	-178.54533823933454	-178.91245811055444	-205.03396939958478	-185.40524988757565	-154.69692748464257	-142.96109352051232	-166.0521840972981	-126.93885847031369	-140.36685887897204	-239.40894938106678	-248.6258136993614	-253.0730311452387	-236.1325326433773	-236.59310297647013	-230.84299885374418	-242.71002361834866	-260.276414245164
185	114.25165636726842	168.79973071741844	189.27968445396	166.94355276179525	199.80624125078427	207.51618688284043	208.98189096407378	196.74239839345066	155.81679034373295	164.28961155064067	173.4570718142765	180.72404167806857	182.97747981347783	192.5216173047524	198.12952077669092	199.53570400935766	194.6599328664009	200.63443349437168	208.9277261507696	212.57485913428405	208.36677707648894	218.04609384041177	215.94317685052314	195.4527432626958	194.6182908776642	194.9411423671275	197.7016614881811	198.79900381346846	201.2157817655709	200.14197479185873	198.01823616381208
186	238.13124682892274	315.3187521040175	345.86068324338123	319.4288655848377	372.0034902247343	385.6161996488074	386.4057232990639	371.64570132631565	314.25816021400544	328.6529089360513	344.0067459495093	356.36932549687083	361.35517971338237	377.8860702205701	388.39714696913427	392.5602410336053	387.06305693704206	397.87316365988806	412.1807275444119	419.3082135540816	414.47431055157347	431.01403403497443	429.27206907479945	398.8112800816242	398.8519673228988	400.8254180027511	409.7942600340835	412.8834472551467	418.20284679010416	417.9204408414166	415.90770937246253
187	4.255105192286581	66.39780174230498	89.71598337002452	63.60559402179378	103.53279928347858	112.31914143419078	113.78333924131736	99.10358819184772	49.94661645694998	59.587017154436	70.11568854730518	78.48716178764035	80.9855014627519	92.05193072051505	98.53294039137599	100.06505729576914	94.14718250415372	101.13984962081311	110.93086696049733	115.21066477500183	110.10107331449815	121.62060806866683	119.03935185299495	94.35818042223535	93.26223188446528	93.54949506422419	99.19017943410662	100.37303268908065	103.15896627274762	101.68601264371179	98.92831229644484
188	55.727762465908064	130.88880028506264	159.6531595695734	129.7098550046871	179.40518203002003	191.06901368559744	193.917201533521	176.87321289967704	116.4499801486257	129.0393633835227	142.7325903639915	153.69738613265494	157.3661504555353	171.9877851720227	180.8381343974856	183.46955106034704	176.65830445157212	186.0842652149148	199.04905139182725	205.015623329109	199.09787302667107	214.32199909603463	211.56622055917725	180.5240498825731	179.5794361135521	180.44764683864778	188.201381166776	190.21461310752844	194.34071681512307	192.96737533290795	189.913499073733
189	48.47092792208597	125.53003395664847	155.00273952893357	124.16306960968151	175.1317587715197	185.17532615173798	188.1694724556297	170.90044586031937	110.544875980771	123.46656620482261	137.5366276668769	148.80613074725522	152.55741757832115	167.59502699772239	176.69072010535135	179.37519312453998	172.31816746246375	182.0208293657281	195.38213093359877	201.52376745616266	195.39316715748436	211.09829364660098	208.2355134254912	176.14740497031733	175.15087611226411	176.0256459829914	184.01785212584463	184.2891466689204	188.54157705338358	187.16108859149557	184.05592271863907
190	130.44722515356608	238.87692633042778	281.86613732749953	241.04248229365956	316.3088021569727	336.15063089501905	343.5753352120843	321.4641871326524	235.2132949586469	256.2147859259353	278.9462237166271	297.40249607905236	304.7472680279897	329.8184310365236	345.8904251738828	352.27732026358996	343.661161924369	360.5229685775526	383.0296734831605	394.36810040320404	386.83931741475413	410.04663978629196	407.54734203347397	359.3195782896241	359.44906896444775	362.6848539086642	377.2119275116012	382.34431946471585	391.1529704977528	390.8990527592145	387.80571297065484
191	-1195.9278005588064	-1057.6718757806786	-1020.0440566829603	-1151.4669724422351	-1081.0962416827558	-1086.8425740345722	-1117.6143382366497	-1188.8799426735702	-1369.324312651245	-1373.117155741654	-1370.7320263501056	-1370.2194499080947	-1388.8585046041128	-1389.387373042194	-1401.3247909760134	-1429.3925620677783	-1482.100619823731	-1487.2759794183642	-1480.2802185054672	-1490.8570319188375	-1538.3012936259272	-1523.4229370927635	-1559.9939090090973	-1681.0729744859716	-1713.353279490368	-1743.713235441822	-1753.8631218377097	-1780.4723581737392	-1803.8468052217765	-1844.8243590305383	-1891.5455864390344
192	-453.23170565315144	-336.7861801448033	-296.29420035145165	-364.30029381993455	-291.36473272870745	-279.7856456182545	-284.29126924899936	-321.46941519157724	-434.7975705552983	-421.2457670609974	-404.5969438433715	-391.428966221212	-391.50968570510605	-373.77278085422125	-365.53885852220026	-368.59258055163633	-389.06709322868494	-378.08315889010254	-359.6637466050517	-354.0333123436346	-371.86951735305337	-348.30133162972254	-359.47952591614336	-426.46077836063176	-434.3213921031035	-439.2262973164417	-430.41840807056235	-432.75813130942726	-431.35946855879047	-441.0685942799081	-454.20975492346327
193	-454.38356864106964	-322.9702662890761	-274.78580023358086	-350.95557095607927	-268.1561188367195	-254.64191848271454	-259.34599440088164	-304.3661974458948	-435.25779296395353	-419.52836025177766	-400.114783167146	-384.68425551431557	-384.676548607288	-363.73429392818633	-353.86491682009586	-357.2554835597249	-381.268255647531	-368.13391220325866	-343.52982832906775	-336.75473668587733	-357.725551203693	-329.65239729138983	-342.79465827413856	-422.52894460151583	-431.97274983119325	-437.92845151873394	-427.4511524771316	-430.3364713269074	-428.7322514037265	-440.5595110021011	-456.6113811200581
194	-647.1695822793014	-512.6792548634427	-468.12423380632526	-558.7290567509583	-477.11539047961605	-467.7405997650016	-478.5048912813126	-532.5791051056375	-677.9942756003097	-666.2462620577447	-650.1195919204066	-637.581363882593	-641.691014814641	-620.1387696708777	-614.9161527263126	-623.8251809482881	-654.6636142512092	-645.2415541984838	-625.979236494305	-622.7049193816796	-649.960007465935	-623.7886170271753	-642.2874248605381	-733.3241013932816	-747.8750892976742	-759.132294039364	-752.5818532227138	-760.4713304555464	-763.9431762539432	-782.1602856098415	-805.0472600284555
195	-974.3086096455447	-796.6853776020452	-742.7541845971058	-892.056768547977	-790.2450993710394	-788.0895434859217	-817.3285377427818	-912.6500851649514	-1146.8891309388107	-1144.7437995894327	-1134.5760159246056	-1127.7782782468187	-1147.4316289572967	-1139.3780973985438	-1138.6898670265157	-1170.6772133554134	-1239.0616075582568	-1240.1543278329025	-1223.7245304412636	-1233.341926764876	-1297.5104077351182	-1269.1736868384241	-1318.6410272584799	-1498.4605419341917	-1544.212308074418	-1587.3850658468427	-1599.457825876527	-1638.105406485889	-1672.0225765836112	-1735.4087463933881	-1809.7693781256853
196	-539.4480761079855	-431.0967151109866	-396.1527347423053	-460.4498278352841	-397.7100814071908	-389.25143933146217	-395.32748592913134	-432.4810402871665	-534.7661283706951	-524.0369797639578	-510.5108587601869	-499.93515785434727	-501.0863148095852	-486.98838130610596	-481.15379151507796	-485.1912458936529	-500.4239837114113	-492.17143280157796	-477.45870842735826	-473.7292859339316	-490.29105431998556	-471.2113991645427	-481.92701431516133	-540.3435796040126	-548.0610877503844	-553.3389629907505	-546.94419942181	-550.0051688723227	-549.9849153222856	-559.3693174172241	-571.6139118112031
197	-296.66254394566806	-216.31690291299043	-187.64430325294222	-229.18389903265364	-178.89599218164858	-169.76201241260694	-170.91811760029253	-194.43332711612544	-264.8879418743804	-254.15680146041893	-239.4745117427979	-229.87586705699985	-228.51615933355245	-215.750774846314	-209.0971310663034	-209.37089932873783	-220.16684174939306	-212.20795962081198	-200.00414773495112	-195.55428819310498	-204.83355625352925	-189.86609912573093	-195.2974389553788	-233.0136356059742	-236.31075671757398	-237.74685194390773	-231.3130226455769	-231.3283999711408	-229.10744074900302	-233.1580738730688	-239.09683637436817
198	-578.0669194533795	-443.0435474668086	-398.99555564567896	-482.44883308716544	-402.1087413493465	-391.4278328464709	-399.73802541884004	-449.2447718654688	-585.8695429521867	-572.8479519131557	-555.8266576799977	-542.4723218609043	-544.9022214879509	-526.9081848862086	-519.926881073476	-526.4464546148649	-549.7157173321599	-539.1654617716399	-519.4406763066091	-514.9044289461245	-538.9751407102688	-512.7964300941256	-528.6956621616731	-612.7208855999911	-624.8274075479313	-633.6445130210017	-625.7095452748624	-631.363209752353	-632.6936802208129	-647.7926323424294	-667.2222816957812
199	-419.6921008394327	-309.0296694841873	-270.3173313093097	-333.49891976419826	-264.034028774651	-252.637520028806	-256.3245165361665	-293.0008699893039	-399.43075587457383	-385.90351722389	-369.5523113845032	-353.83766183096515	-353.45886542092364	-336.29905327145127	-328.08031590321684	-330.388875145654	-348.90928388759795	-338.23054158114496	-320.70008447484776	-315.0821407721753	-331.1735110819524	-308.935322216742	-318.88046680261857	-380.3854297356876	-387.20736785388084	-391.2437333312468	-382.62117868834196	-384.30080502368753	-382.4916034703467	-390.9014282836325	-402.45363481727804
200	-119.8621453861423	5.484849958942926	53.05338006378718	-2.769757186896107	82.46425247322566	101.2171791779294	105.09593729035724	72.80347030640723	-37.77664635381382	-16.60586526363041	7.2569232926788	26.582666640218825	32.16015776866963	58.57658388629769	74.37341463768767	78.21303163364998	63.3938735915628	81.0668775829284	106.23253090241347	117.57133164729753	104.65875245243156	135.22208663437573	128.89361671208655	63.42523298260496	60.40927046848963	61.08904677412055	76.43552915048501	79.737453983081	86.90634647455786	82.94671781993338	75.2973343633448
201	-125.35211987768929	-16.609268070467902	24.041377555677165	-24.612820548045764	47.31396510182789	63.26881009319018	65.7951976771204	37.646994951456946	-56.281855622706665	-38.72163986204945	-18.984540235661765	-3.102174776403071	1.2189205046174136	22.716255205331816	35.31361098582727	37.957856684209446	25.23526072409821	39.025382759761925	59.07140632394649	67.83317926712304	56.87251650524413	81.10939668741375	75.51388283607751	22.368752654003284	19.591423554199103	19.749087487095608	31.61787800782	33.84431368411358	39.62168103039104	35.98625888886659	29.431959912034742
202	-374.5059889994647	-288.31045354981836	-258.02298689496627	-302.0377221070132	-249.35983498409033	-240.55478229608133	-242.95601807229377	-269.564991547554	-346.95275178232635	-336.35837824990375	-323.86913565900085	-314.021574925299	-313.215701632279	-300.11580201062543	-293.62418945130764	-294.7261993560732	-307.379211426759	-299.2886703027297	-286.4539629029664	-282.11921962583034	-292.99741580305897	-277.04730250935273	-281.18138166651136	-323.18429726330925	-327.43336499543307	-329.7043203030841	-323.3277926562777	-324.00780446219244	-322.2801946226817	-327.4557644556097	-334.71075413857506
203	-378.5873539619149	-270.6204840522864	-232.491530272174	-292.3343793466759	-224.09412276447878	-212.3574632978824	-215.13666155956042	-249.79615788536077	-351.9366425525515	-338.15791745011853	-321.7257380814309	-308.6880567890489	-307.6896970802727	-290.1572908102118	-279.2515196640903	-280.80605152526647	-297.9906170186151	-287.1362699937214	-269.7400785972	-263.8411446603431	-278.7555385691135	-256.87622799907507	-265.92455015638654	-324.448127431075	-330.48330738015807	-333.78911767397375	-324.94874383707025	-326.0087444333286	-323.6754676284099	-331.13016478592783	-341.59144020474173
204	-542.362851967084	-376.1494108230676	-318.3343017153234	-421.2944959174924	-311.76735237917364	-295.29468644167343	-303.1746406743324	-365.8295771477682	-546.5197023418975	-528.1774195573174	-504.21116618535683	-485.08833086446964	-487.4094738761021	-461.05382579101325	-449.78739088181703	-457.3779323906173	-494.8698631642536	-478.4317536710524	-448.5480421127947	-440.52520948540337	-474.2621064270666	-434.223171035595	-456.31231166560286	-580.6704766346169	-593.4149463132667	-606.1685922545998	-593.7090969433003	-601.8291994984819	-603.3741136172622	-626.3101173441354	-656.3971060855363
205	-750.1019093100897	-631.9666446491716	-594.2690362902931	-678.7486116655185	-610.1036315789605	-599.8833167825468	-612.2354485341203	-661.8027170762074	-788.8687472359059	-780.8348085081145	-768.9704502645297	-759.9556162572021	-765.1247821859296	-753.2489348939778	-750.8668482053201	-760.4186666044814	-788.2894475182303	-782.0492030477997	-767.5204191744135	-766.3208427933984	-790.6922460702656	-770.5290794257793	-787.4056693026363	-864.0735449447285	-877.3512995078604	-887.996114589462	-877.3404906928337	-885.2108519336541	-889.6189598069278	-905.881514410495	-925.7965621627691
206	-489.7708789109157	-366.58616977622313	-324.0242033235123	-397.73798365825184	-318.307607327416	-306.7504947697782	-312.3600656136774	-355.4879326725057	-478.08063365868355	-464.27304462959586	-447.0286591877024	-433.4052741548667	-434.0796631290356	-415.70069764762786	-407.4978093816648	-411.505625279498	-434.408096489639	-423.1008935878674	-403.64036473732335	-398.03538759350533	-418.05695154435807	-392.9008592401605	-405.6397861989365	-479.4199033284212	-488.6196779351614	-490.9425471968533	-482.1116068380685	-485.38129766078174	-484.6482336961505	-496.0477873381008	-511.22447562116764
207	-411.1772038771131	-319.95285658131354	-288.2097377985729	-339.759182228141	-283.45572331370613	-274.3973350216281	-277.5281396119681	-306.95422123649564	-391.5533761073625	-380.5544181166872	-367.4249087626518	-357.083511894092	-353.58261481713146	-340.0602666090321	-333.601301387068	-335.3507258938086	-349.6204323779887	-341.30929442839215	-327.7844226173839	-323.4633369719135	-335.75727869359565	-318.7691826069281	-326.3379603425811	-372.97575362281674	-378.0109269362596	-380.9032438266041	-374.25006314521613	-375.3711643645917	-373.8618293886975	-379.98798069913147	-388.4198325899432
208	-243.38493913789335	-159.20536832685502	-128.74670398087275	-170.59132653236674	-117.17257647883002	-106.89884137087861	-106.27064385841142	-129.8939737259409	-202.38596268260545	-190.74441598339044	-177.4379603883719	-166.8732340755288	-164.95241825465496	-150.86258417961483	-143.25487833867714	-142.9476006748319	-153.75245249672045	-144.8712120393564	-131.54649456821753	-126.41936066775108	-135.72731967623025	-119.49351806959014	-124.79059015384543	-164.17504817728644	-167.25555130511216	-168.3342545135739	-161.09488569799456	-160.68798673342843	-157.88094844283347	-161.71214288182185	-166.1139695456809
209	-167.19542134870363	-106.3692858495369	-84.15903217622362	-112.34264348773087	-74.1762072365165	-66.54735216916661	-66.29098662042497	-82.02644289000727	-131.17777841598195	-122.45038815635658	-111.48185992144589	-103.9479006389472	-102.22666801103962	-92.29266138601878	-86.78593342045923	-86.14045546469117	-92.80350657292395	-86.613875697535	-77.60350704558637	-73.98901340056301	-79.7022197258316	-68.94217939702828	-72.08722657858557	-97.05153612113375	-98.69474398031919	-99.02178853301714	-94.06300395163653	-93.47522987516763	-91.34937688409443	-93.41660370229111	-96.73708956034571
210	-219.29380655909088	-160.73199585465767	-140.3161349031727	-166.8027161942231	-131.834386989498	-125.02812590838126	-125.04587226011083	-139.75272726147372	-185.0487714757169	-177.17768953133543	-168.41691271588405	-161.5118022593364	-159.99411269477298	-150.93135505631545	-145.96196727663477	-143.89755587931685	-150.11617977223952	-144.63485921842118	-136.59077437829802	-133.4404358196387	-138.7578255805031	-129.14066442017574	-132.11481946447464	-154.81863139966305	-156.4094631990819	-156.8186224138625	-152.45530447115678	-152.03525460583148	-150.23744517308327	-152.21787620000845	-155.32152966060454
211	-154.8814534236824	-89.6412734815993	-65.75012635363755	-95.97974429132906	-54.750157412302165	-46.424171367096484	-46.04544688182667	-63.00303792968233	-116.29092193458546	-106.80935461447841	-96.24972978155984	-87.88817379081773	-84.98543093405203	-74.1035971132174	-68.03745753826033	-67.27276062940851	-74.50284110744333	-67.68433588443727	-57.76943701379319	-53.75848391560693	-59.96897516852732	-48.109823660321034	-51.51020240776448	-78.89703441748247	-80.67231334359897	-80.99876978667042	-75.50459793167215	-74.82168944534871	-72.4389562214302	-74.68087417095411	-78.310688470338
212	-113.63996929823341	-16.479537517877397	19.925927757233243	-23.73865568119297	40.41248253093324	54.47118540973261	56.52759673238485	31.444173061278015	-51.07670860038413	-35.68150731369228	-18.445614344478944	-4.618085363251171	-0.8772871756238598	17.741363719215382	28.59085306327055	30.80158136137983	19.749009625251308	31.8421179539452	49.1495630032261	56.64235570495604	47.05805164600835	67.88026795292383	62.94033343170456	17.102969901426995	14.67371344406138	14.765682201485832	24.88808949844604	26.734776108335144	31.602020101816006	28.430094329928647	22.785022125872732
213	28.766857929421974	99.73390700376194	126.62942196772921	96.55671906855024	142.52910571096038	153.0791055217279	155.36565698578326	139.13171254942347	83.7094980580095	95.22364153491333	107.7797595355468	117.80290003325416	120.97799360814813	134.29512589591926	142.23118217427822	144.3593792244057	137.70093933429018	146.2104605565792	158.0204571861741	161.6006430724447	155.94208400915892	169.74054167797192	167.01086393923777	138.29833788860964	137.25540994500392	137.86127440532775	144.78416017402705	146.4453014317361	150.02733748752956	148.5693898471067	145.57721541827007
214	-69.02618263149832	-11.487977913905864	9.540844067437996	-15.350397159451491	20.560455984364445	28.097478821589128	28.890601253737877	14.996623026957051	-29.593337720233794	-21.11962087928919	-11.81999357434087	-4.462703189405868	-2.4909683974027983	7.180567505927636	12.69223860338041	13.552340719312195	7.886092805170899	13.857677121647058	22.353840686398673	25.920347468969346	21.050431871954387	31.088963214397346	28.51447968222326	6.195771785329531	4.981558008832488	4.982661991194312	9.758484354968541	10.567593151684616	12.784595848219514	11.212755838802055	8.506533186603875
215	-417.1316621495099	-325.17356985744493	-293.21237830540707	-345.3815207198533	-288.6614794043055	-279.5918744380147	-282.8341481731929	-312.62804539049625	-398.13182183250797	-387.1021460265858	-373.9111322985103	-360.4730302829451	-360.14129406717944	-346.55743132732	-340.1018867952026	-341.94075935999314	-356.43400414467243	-348.0922861381347	-334.4728879720906	-330.15462392240346	-342.6436731010456	-325.515135862536	-333.2214089215028	-380.45002566328753	-385.5967234593186	-388.5815122904291	-381.909001798047	-383.09971879362774	-381.63349931417196	-387.8942674627195	-396.48901634068375
216	-361.7235580853411	-190.02199924382475	-127.12638355206084	-217.59187469593903	-101.99487680617203	-78.81682232372295	-79.22599753581434	-134.78336374423978	-310.96832332243577	-285.7734506714863	-255.26786776310996	-230.44819168297846	-227.2071742275483	-192.51990317307957	-173.6787633794224	-173.98344213896405	-204.95854451523604	-181.50040732332653	-144.58772696880533	-130.2613050631875	-157.87226249820168	-110.28474112762594	-126.28379970104581	-244.89529271019018	-256.259519431345	-261.91836375345804	-241.43229046185746	-242.17480787608818	-235.2678605253013	-250.17300696908416	-272.32913016986544
217	-548.5573095324972	-418.8714250960858	-371.7208839836831	-452.28845701278493	-372.6503679318625	-361.52163410744856	-368.9066732863458	-416.5841034772914	-549.5480830034372	-536.1017844293136	-518.8105878022961	-505.2049945831759	-507.0162454676947	-488.66391406580817	-481.1411222312754	-486.8051761369899	-512.914978103115	-501.8306275685985	-478.1704607391068	-473.2053485859429	-496.04305433418284	-469.9775159468242	-484.88843904377643	-566.059614745472	-577.2486988667337	-585.1659647707645	-576.7825325265511	-581.6261222812284	-582.2023122740587	-596.1392973653083	-614.2679053563983
218	-846.8667241862279	-486.0300516670952	-357.9114685272766	-629.6956714124346	-360.6358794265475	-317.37673886309955	-344.8130538712713	-562.1424195171228	-1243.6858076120434	-1248.7988607190252	-1153.5735633578747	-1036.134013093847	-1004.6929479186825	-851.918704953652	-765.6309544354435	-750.4561117528483	-840.6869340569388	-747.0611518153464	-614.3153814405609	-559.3963076923112	-636.5590262126581	-481.12076198353844									
219	-276.0504021734405	-182.84182411615632	-149.26840326421356	-196.97349638263023	-137.63352286533205	-126.44906996188072	-127.28264132493979	-154.5789275884615	-237.79653543704927	-224.88614294446396	-209.99239026269512	-196.47798736055572	-194.6248786542739	-178.98813821124426	-170.66639086175158	-170.67169190028292	-183.41181801380645	-173.5241853927157	-158.47150373790686	-152.80833861185448	-163.8115791574142	-145.31065112571846	-151.66731292863003	-197.52453464054233	-201.37758396031862	-202.94315905819573	-194.84339862348676	-194.66313241345543	-191.70876521580095	-196.4919458556055	-203.63070930590183
220	-413.8818675729336	-188.96572806861133	-105.37818583075955	-229.05000455393707	-68.79870107734578	-34.695655899990115	-33.07372504691437	-110.42447438077244	-366.6346526094487	-331.8427329190715	-288.0378736321249	-251.61040250301883	-247.4580953503531	-194.44685647215638	-164.7649517685606	-164.95889464619762	-215.40081910545692	-176.89180359500577	-114.4787801740145	-88.9421344240815	-135.48387662469943	-50.47883233682348	-77.10900551632051	-295.7937964576008	-318.95117738030973	-332.36869754828217	-295.533722194208	-299.31978385472996	-287.99594311441626	-321.6699894921867	-372.621902710834
221	-207.24194509052128	-51.0702965186048	7.914629874025563	-66.06033413228019	41.88543006436534	66.27828596984827	70.34484152247498	26.13243279099409	-122.02730638120295	-95.76092961403452	-65.40110123311311	-40.62132227468133	-34.29334769853311	0.16240212892713798	20.591999226653606	24.731414510654233	2.950190639552914	26.602152495503248	61.14877807478844	76.50623625926501	57.390286087228255	100.41976486814109	90.7637777707967	-4.629017114662927	-10.088467526387147	-10.318085488564293	11.016469716742414	14.808595202408108	25.290616148354726	18.1658650490977	5.353323975947221
222	-175.9561492188393	-72.6564103165005	-34.383345480611275	-83.07102345277218	-15.183199671841695	-1.0388977734715734	0.20467800924443597	-27.651596730008027	-117.60388922597824	-101.82417775761093	-83.93567563245452	-69.59798222238038	-66.20685217236067	-46.87007129903049	-35.86666402611696	-34.237881526650305	-47.033007335142614	-34.50529259355348	-16.21492442316855	-8.586449876832267	-19.683201988952778	2.53288799005185	-3.429077158254317	-54.23809124371183	-57.02620839371226	-57.55851207582416	-47.15850919940814	-45.74663369852123	-41.08383287693162	-45.19908889660081	-52.020369441473974
223	2268.924510672845	2557.330443364953	2723.6972035649164	2842.763006047704	3160.1415662320355	3327.8032036904833	3490.1971270190343	3588.905628386654	3472.785377948382	3658.661682654999	3846.6623028363224	4011.59747560153	4153.0715895319445	4402.1605449413255	4620.9274569658055	4817.355156897784	4965.579716983173	5190.373586018089	5434.959858929319	5639.573209464619	5800.245433840167	6088.9416162321	6271.702066023351	6274.616586747198	6474.866994680019	6720.928391118997	7035.862065886432	7315.53023226324	7655.4455117131565	7970.8381265958915	8289.042621357241
224	541.1162500342384	635.3744930922401	675.1706788449759	646.7389717577848	715.3822206121772	736.6463084645696	748.2493879833185	735.8186185492434	670.6931320522518	692.2820648912141	714.7457862532029	733.0560257922394	742.4030624539644	767.1576796754467	784.1447963778725	793.2273604393681	790.1276998125331	806.8842916441806	827.8119709069089	839.620249940313	836.7622141060305	860.4708197512385	861.1988485176456	818.7800617235476	821.695097265527	827.3062887449388	841.7269556226007	848.6596319884156	858.6746431379663	861.6080332842893	862.2955392131124
225	843.5814905520263	917.5937389147122	949.3069919868326	934.8158146841236	988.5525868695852	994.7181185721957	1004.8410645708884	996.9462599478072	949.7697398851715	967.0247908438962	984.689784213294	999.0319960422436	1006.7237073630702	1025.9154638404207	1039.2062926312888	1046.643567126409	1045.1703740807582	1057.9534106554431	1073.6208055892744	1082.6210547406477	1081.1189960245622	1098.5651800570988	1099.5366698549105	1074.8083473547024	1077.2621014495794	1081.660758390598	1092.3031288878753	1086.1378393185853	1093.8145958251973	1096.4963296510527	1097.5884022986131
226	-446.6555145057116	-301.084583671994	-249.66153470399317	-334.1037379167047	-239.95223018128524	-223.90972270017022	-228.37770518671056	-278.8718700374682	-428.11615895090995	-409.8926247229707	-384.48428999576004	-366.6645414930836	-366.46600593182717	-342.06042929592815	-330.3231822125307	-333.89908481417814	-361.51436844022317	-345.9574733356898	-319.93314838751274	-311.5539719860551	-335.97902523075544	-302.2683566823456	-317.4972017423122	-412.3110026315483	-423.4592615776196	-430.46507457465856	-417.73314815441256	-421.05893363357154	-418.95583867666863	-433.14245105961555	-452.55630365431705
227	-76.84750158436825	-13.826285480420424	9.53381241920014	-18.20880734301247	21.87537405970049	29.99924043152963	30.94526490468685	15.564956054169004	-34.08695230875783	-24.6952605824152	-14.342824962500924	-6.129400559416794	-3.930724607403323	6.919356787030977	13.126859898577594	14.281484241325009	7.830779103690286	14.64971185445702	24.363674050696904	28.456484058575903	22.904870362410218	34.41397421328478	31.486377661524056	5.913974564361371	4.522097484586114	4.523765588451851	10.012430958290437	10.947259175205645	13.355959971079397	11.57605471755538	8.49822574378953
228	-48.96305139169103	89.0273794727355	141.4556704271888	84.83177109339404	180.66934838381118	204.381077154874	211.29376649825403	178.12269889242572	57.289564744205194	82.78326803926737	111.22928131535713	134.43436609285285	142.32648013816336	174.3057390869919	194.25583837742215	200.75407593066637	186.06744360561618	207.96862843776418	236.56968702511483	251.13016625762944	238.47853986382395	274.9746964225004	269.65013846864457	197.01452075419982	195.265260338758	197.91078433075128	217.38419342247747	223.05562653451918	234.1346995204175	231.6334868975635	224.82009424672663
